"0","2121","245","85","2016-05-30 19:34:06","false","72"
"0","3350","226","319","2019-08-09 04:40:08","false","23"
"0","4031","342","176","1992-08-03 03:22:05","true","40"
"0","2291","201","244","2004-03-30 01:24:35","false","65"
"0","251","615","69","1977-06-13 07:07:31","false","25"
"0","2607","291","26","2002-01-01 05:01:37","true","80"
"0","642","666","291","2019-02-27 20:46:24","true","79"
"0","1737","778","24","2007-01-11 21:37:12","true","87"
"1","4367","358","153","1976-05-11 21:28:20","false","52"
"1","4264","412","170","1998-07-27 07:23:07","false","78"
"1","3284","78","298","1980-04-11 10:13:47","true","19"
"1","3766","230","261","1980-04-02 16:34:08","false","55"
"1","4179","897","23","2004-03-02 05:01:57","false","1"
"1","351","536","6","1976-02-22 04:09:10","true","40"
"1","4556","277","156","1997-02-18 16:15:13","true","69"
"1","3847","657","269","1990-11-02 12:56:14","true","41"
"2","758","933","12","1980-05-22 07:40:37","true","72"
"2","3663","785","269","1999-02-01 15:49:47","false","92"
"2","192","795","174","1999-05-14 15:46:37","false","23"
"2","40","705","129","2020-02-10 04:01:26","true","35"
"2","1565","187","311","1995-06-19 04:09:18","true","56"
"2","3703","217","225","2013-04-07 04:40:30","false","41"
"2","4221","254","323","2009-05-27 13:55:43","true","86"
"2","3308","779","214","1999-04-01 15:41:59","true","76"
"3","3449","426","90","2003-07-14 05:59:17","true","26"
"3","1080","650","43","1975-02-11 19:35:39","true","35"
"3","4818","456","59","1993-02-11 10:12:54","false","57"
"3","325","647","328","2021-08-11 06:50:04","true","62"
"3","3989","137","255","1994-08-29 08:27:41","true","24"
"3","2276","649","241","1976-02-29 06:29:35","true","27"
"3","1911","392","319","1994-02-01 10:39:30","false","92"
"3","3267","842","22","1998-11-12 18:23:19","false","30"
"4","1228","342","133","2017-08-17 01:44:54","true","71"
"4","4290","394","68","1977-12-03 12:45:59","true","38"
"4","3391","171","116","1997-12-12 03:35:51","false","76"
"4","135","187","238","1973-07-20 18:24:46","false","11"
"4","1998","526","261","2014-07-29 21:29:02","false","48"
"4","4168","219","169","2005-11-25 23:16:33","true","15"
"4","2111","822","25","2001-01-21 20:46:03","true","62"
"4","3223","944","186","1991-11-22 02:39:12","true","39"
"5","3343","955","93","1979-10-04 04:31:15","false","59"
"5","778","844","186","2014-12-19 21:53:26","false","69"
"5","1341","461","75","1981-06-07 02:03:14","true","83"
"5","2162","34","309","1978-07-27 13:38:29","true","29"
"5","3286","303","10","1974-01-02 05:33:54","false","86"
"5","1902","24","71","2008-02-26 00:39:09","false","3"
"5","288","878","29","2011-01-24 03:16:18","false","27"
"5","1145","366","96","1996-06-09 19:30:33","true","94"
"6","659","756","133","1985-03-14 04:42:18","true","91"
"6","4555","648","330","1989-12-03 19:04:43","false","70"
"6","2653","26","32","2000-01-19 17:28:33","false","53"
"6","2640","786","28","2007-03-17 02:56:26","true","96"
"6","2101","289","48","1980-07-16 14:20:17","true","16"
"6","405","499","330","1980-11-15 04:17:01","false","84"
"6","1182","262","148","1972-04-24 08:49:56","true","58"
"6","947","786","162","1989-08-18 06:09:52","false","61"
"7","3611","505","298","1973-09-22 12:26:46","true","25"
"7","2281","805","163","1997-10-07 12:45:40","true","50"
"7","289","779","257","1978-02-27 03:47:36","true","49"
"7","126","407","202","1988-05-03 03:19:25","false","8"
"7","2581","452","278","1981-12-08 03:12:49","false","57"
"7","1785","760","159","1989-11-15 03:07:39","false","74"
"7","516","632","295","1976-07-14 23:49:40","false","77"
"7","1432","47","241","1984-07-21 05:27:11","false","79"
"8","3249","528","133","1977-11-20 10:43:48","true","62"
"8","879","98","262","1995-10-16 22:58:30","false","65"
"8","3097","307","298","2018-05-28 18:33:58","true","27"
"8","3317","316","125","1990-01-19 00:18:32","true","13"
"8","4027","548","157","1975-07-27 01:15:57","true","63"
"8","1559","524","230","1987-03-26 04:47:19","false","86"
"8","2859","636","4","1993-06-05 09:20:03","true","63"
"8","1654","13","18","2004-01-31 14:23:23","false","35"
"9","3042","974","52","1981-03-17 00:59:11","false","61"
"9","4807","952","77","2007-04-19 05:07:24","true","94"
"9","714","211","128","2002-05-17 03:03:28","false","21"
"9","647","929","34","1970-08-13 01:10:47","false","15"
"9","4850","835","196","2005-03-12 17:15:30","false","93"
"9","1783","822","247","2009-12-21 01:23:40","true","69"
"9","4234","239","318","2003-01-07 04:42:37","false","97"
"9","3340","527","46","2016-07-04 04:42:11","false","79"
"10","3289","980","158","2007-03-23 03:05:58","false","78"
"10","315","104","31","1975-11-26 12:16:20","true","70"
"10","1465","326","26","1985-12-16 05:21:02","false","84"
"10","4803","198","308","1997-10-15 02:59:17","false","67"
"10","4273","453","203","1979-02-12 14:13:47","false","29"
"10","1967","618","214","1972-06-18 18:14:18","false","11"
"10","4399","821","266","1989-01-20 00:01:40","true","94"
"10","1044","735","139","1974-04-27 00:12:42","false","48"
"11","4807","60","284","2018-12-12 10:35:11","false","5"
"11","3686","928","239","1994-05-28 00:16:24","true","75"
"11","4457","259","200","2016-03-15 18:52:30","true","28"
"11","645","299","315","2013-04-30 08:53:33","true","74"
"11","2740","353","320","1978-04-18 12:21:06","false","30"
"11","4135","298","316","1996-12-12 19:50:00","false","36"
"11","648","606","146","1982-08-24 22:34:30","false","99"
"11","2869","881","137","2013-08-05 05:30:16","false","18"
"12","2827","171","225","1998-02-26 14:11:36","true","63"
"12","1290","147","210","1972-04-27 05:52:53","true","32"
"12","3981","689","118","1987-04-27 18:55:25","true","89"
"12","921","235","230","2004-05-03 01:11:41","false","98"
"12","2861","787","298","2016-02-17 17:49:57","true","87"
"12","2143","12","29","2006-03-21 14:01:03","true","41"
"12","1024","708","296","2020-06-25 10:50:59","false","30"
"12","1256","809","243","2007-08-12 10:54:12","true","47"
"13","2881","956","203","1994-02-23 06:07:51","true","23"
"13","2013","683","215","1994-05-19 16:59:50","false","47"
"13","1240","461","220","1987-11-03 02:55:25","true","13"
"13","4029","32","203","1999-11-16 07:09:02","false","97"
"13","2643","516","310","2001-03-09 21:48:49","true","95"
"13","2830","775","173","2015-08-01 23:14:18","false","22"
"13","4094","963","55","2008-12-30 14:13:35","false","75"
"13","4875","708","174","2004-05-10 19:39:21","false","13"
"14","4327","133","158","2016-07-16 03:21:50","true","51"
"14","1129","64","329","1977-08-17 06:50:52","false","73"
"14","1357","891","134","1993-11-13 05:06:21","true","57"
"14","2271","303","318","1989-09-03 19:15:10","true","54"
"14","1839","342","189","2010-12-31 08:05:58","true","31"
"14","4290","616","93","1970-09-24 23:17:56","false","26"
"14","2543","788","121","1992-05-10 18:00:05","true","30"
"14","4583","461","272","2001-02-11 03:27:36","false","62"
"15","2040","717","187","1975-05-03 05:54:43","false","46"
"15","1452","940","306","2006-03-17 19:40:43","true","30"
"15","4860","100","328","2008-06-11 19:06:41","false","62"
"15","4195","604","271","2016-01-15 20:30:56","false","91"
"15","3794","174","35","1992-03-02 06:01:36","true","29"
"15","252","380","156","1975-11-28 00:38:47","true","74"
"15","1463","579","133","2001-08-27 08:33:34","false","40"
"15","2071","234","87","1979-07-18 13:24:29","true","92"
"16","2965","492","302","2020-06-05 09:41:43","false","48"
"16","4837","355","170","1989-11-27 15:04:47","false","89"
"16","4685","6","20","2015-12-16 07:49:20","false","88"
"16","4178","214","58","1989-01-05 04:47:10","true","84"
"16","211","275","163","2014-12-20 07:49:30","true","44"
"16","2846","586","260","1994-10-11 23:17:59","false","11"
"16","1742","577","43","2002-08-30 09:39:29","true","46"
"16","2721","449","307","2002-10-01 15:40:10","true","47"
"17","361","319","28","1986-03-04 02:30:00","false","89"
"17","219","702","184","1981-06-21 18:22:28","false","85"
"17","3383","770","308","1985-12-14 03:29:20","false","92"
"17","1844","304","182","1997-10-12 05:22:15","true","2"
"17","2063","357","50","1993-06-13 03:01:31","true","83"
"17","2547","43","192","1998-10-25 17:59:49","true","87"
"17","3621","483","145","1982-07-03 12:28:53","false","94"
"17","3285","792","206","1976-07-15 20:18:18","false","47"
"18","625","707","284","2014-02-10 05:41:28","false","99"
"18","187","28","316","1992-11-10 23:04:02","false","63"
"18","796","837","234","2015-07-25 18:17:19","false","87"
"18","712","899","222","2013-04-30 23:37:51","true","54"
"18","2191","872","135","1978-04-10 21:05:49","false","13"
"18","4864","174","89","1990-05-14 21:30:56","true","36"
"18","141","929","165","1971-03-02 17:49:03","true","60"
"18","1592","671","260","1977-04-27 04:51:52","false","19"
"19","3823","12","187","2018-08-28 05:56:35","true","1"
"19","4006","147","137","2001-03-10 12:23:27","false","78"
"19","210","884","176","2000-08-05 11:40:30","true","78"
"19","728","376","104","2011-01-14 22:49:23","true","24"
"19","965","88","33","1989-04-10 05:46:48","true","6"
"19","1079","447","286","1975-09-08 20:14:55","true","93"
"19","1914","985","192","1980-06-17 06:29:59","false","77"
"19","758","865","12","1986-07-22 03:57:20","false","39"
"20","2457","287","299","2001-12-08 07:26:01","true","12"
"20","2151","40","46","1973-05-03 17:08:56","true","18"
"20","4928","269","67","1993-03-09 01:26:35","false","93"
"20","3862","827","76","1980-06-23 06:38:56","false","12"
"20","2588","572","258","1997-12-02 23:46:00","false","74"
"20","2010","861","205","2015-03-28 08:54:49","true","49"
"20","590","274","9","1975-07-05 00:39:24","true","52"
"20","1212","45","70","1997-05-30 22:37:19","false","80"
"21","2507","59","185","1970-03-17 16:41:41","false","63"
"21","1571","448","240","2018-09-29 03:44:43","true","49"
"21","2541","421","217","2011-08-23 19:19:24","false","60"
"21","468","94","65","2000-01-15 10:54:14","true","76"
"21","4493","650","225","2001-01-10 23:20:29","true","96"
"21","4584","504","120","1979-08-09 05:56:10","false","96"
"21","676","870","48","1998-05-07 03:22:52","true","19"
"21","1001","290","301","2008-04-16 01:42:44","true","51"
"22","4698","861","280","1986-01-25 05:24:03","true","48"
"22","3465","520","195","1991-09-02 23:11:36","false","74"
"22","753","508","35","2015-12-19 15:31:50","false","87"
"22","4875","380","45","1977-11-21 11:03:39","false","93"
"22","2300","996","196","2000-03-19 12:51:56","true","74"
"22","2934","836","287","2000-02-19 20:25:59","true","92"
"22","950","343","292","2016-09-15 00:52:23","false","97"
"22","660","533","130","2011-08-05 10:58:00","true","61"
"23","1405","477","295","1976-03-11 20:43:42","false","94"
"23","4803","403","154","1995-08-07 04:01:11","true","22"
"23","3963","65","137","2006-03-09 21:50:32","true","75"
"23","3636","461","134","1975-10-08 22:28:25","true","19"
"23","2325","472","130","2008-09-25 08:00:08","false","29"
"23","2588","824","258","1992-07-31 14:42:18","true","52"
"23","3438","302","298","2006-09-24 08:33:16","true","99"
"23","2515","842","56","1993-09-14 05:00:54","false","98"
"24","3997","158","112","1978-04-10 10:23:56","false","49"
"24","4517","819","159","2014-10-13 13:54:57","true","74"
"24","2536","971","256","1989-05-05 19:22:15","true","17"
"24","4833","370","6","1980-10-22 06:27:38","true","3"
"24","4676","848","329","1997-11-22 09:19:18","true","62"
"24","707","289","150","1995-07-25 04:14:12","true","86"
"24","1081","801","234","1977-03-29 08:48:56","true","4"
"24","1354","690","204","2019-05-03 17:40:46","false","3"
"25","3728","744","224","2007-04-02 12:03:40","false","94"
"25","2010","771","124","1972-07-13 12:55:30","true","54"
"25","3969","793","211","2008-12-06 22:57:20","true","19"
"25","758","87","113","2016-04-12 23:58:22","true","56"
"25","2622","898","263","1991-10-21 01:59:43","true","65"
"25","3873","711","106","2013-01-24 21:40:45","false","16"
"25","2434","905","73","2000-08-27 23:52:16","true","66"
"25","3756","745","320","1992-05-18 09:38:16","true","83"
"26","1442","626","229","1985-09-12 15:24:38","true","24"
"26","3969","118","211","1984-10-10 03:57:14","false","86"
"26","4890","417","272","2019-11-05 01:21:52","false","98"
"26","844","414","318","2013-07-20 16:50:13","false","5"
"26","3634","638","234","1977-08-30 17:26:51","true","40"
"26","3037","44","213","2014-01-31 06:15:57","true","23"
"26","3901","502","192","1988-05-31 10:12:18","true","12"
"26","1021","588","144","1985-11-27 21:53:28","true","11"
"27","3740","814","8","2018-03-23 17:38:48","true","10"
"27","2715","779","157","2014-07-04 09:02:10","false","52"
"27","872","630","185","2005-01-16 02:49:16","true","35"
"27","59","972","97","2001-01-03 10:42:47","true","10"
"27","1168","326","33","2015-10-19 14:59:43","false","16"
"27","3952","368","292","1995-01-08 03:57:40","true","46"
"27","19","598","151","1999-02-10 12:24:51","false","78"
"27","2924","472","3","2000-12-14 14:23:49","false","4"
"28","1889","230","53","1986-12-12 00:33:58","true","51"
"28","269","10","272","2000-11-12 02:44:56","true","86"
"28","3066","293","167","2011-08-19 09:17:24","true","93"
"28","3849","958","319","2016-02-02 23:33:11","false","100"
"28","2431","390","284","2007-07-21 08:31:56","true","38"
"28","4716","396","60","1980-06-12 23:25:29","false","54"
"28","3662","167","98","2020-07-27 01:48:48","false","17"
"28","1069","777","209","1988-05-07 16:51:04","true","62"
"29","4180","75","90","2002-09-22 08:36:45","false","63"
"29","3289","275","175","2016-07-28 23:15:01","false","81"
"29","3831","90","304","1990-12-31 00:48:07","false","82"
"29","3278","78","328","1981-09-28 00:03:04","true","5"
"29","1539","475","180","2008-06-25 03:58:35","true","62"
"29","3123","582","33","1983-10-18 18:16:03","true","46"
"29","4324","177","185","2016-05-29 21:37:31","false","38"
"29","4031","578","258","1995-04-18 20:26:48","false","3"
"30","4705","728","93","1979-10-07 09:14:09","true","7"
"30","4907","870","283","2007-10-14 15:49:34","true","74"
"30","2097","163","249","2013-05-08 18:18:47","false","52"
"30","772","110","192","2021-05-21 01:52:15","true","46"
"30","4565","53","297","1975-07-28 08:35:14","true","46"
"30","1858","379","256","2009-10-15 07:35:17","true","56"
"30","1953","294","269","1983-05-26 14:29:09","true","72"
"30","3166","150","143","1976-03-09 22:27:15","false","79"
"31","3854","676","270","1983-03-21 11:56:16","false","78"
"31","519","989","319","2005-05-21 16:02:09","true","17"
"31","3905","121","216","1988-04-23 11:39:54","true","10"
"31","4788","154","113","2012-08-06 17:46:30","false","38"
"31","2162","173","309","1991-03-06 06:38:17","true","18"
"31","703","907","148","1981-10-31 02:41:34","false","84"
"31","2543","730","73","1982-12-30 02:46:51","false","36"
"31","3176","336","54","2011-09-05 15:22:03","true","58"
"32","707","422","46","2012-05-24 13:17:04","true","95"
"32","2732","161","141","2019-06-21 06:30:25","true","34"
"32","308","207","7","1989-08-21 00:24:59","false","86"
"32","1253","705","258","1985-12-22 10:50:18","false","69"
"32","488","750","297","1991-04-16 22:35:01","false","66"
"32","3258","794","241","1992-12-16 06:05:42","false","70"
"32","996","947","75","1982-02-21 20:10:16","true","3"
"32","757","306","39","2018-02-26 11:27:11","false","56"
"33","1657","900","46","1997-12-28 00:04:21","true","33"
"33","4369","924","182","1987-09-07 15:59:54","false","14"
"33","4727","221","124","1985-08-21 02:24:56","false","81"
"33","1180","505","10","1989-12-18 22:32:18","false","91"
"33","963","312","193","1984-02-10 12:50:11","true","68"
"33","2390","799","278","1987-05-25 23:52:47","false","19"
"33","586","3","104","2010-03-22 12:29:34","false","59"
"33","3583","544","229","2009-03-05 18:45:52","true","60"
"34","3606","360","110","1995-05-04 03:19:28","false","96"
"34","2881","815","203","1998-06-19 06:34:36","false","51"
"34","4725","890","135","1995-12-11 09:32:46","true","89"
"34","148","971","250","2010-08-10 05:13:45","false","87"
"34","3532","672","224","1982-04-12 20:10:05","true","72"
"34","4244","954","147","1991-06-15 22:35:43","true","6"
"34","41","192","208","2014-05-03 02:06:16","true","26"
"34","2899","219","300","2009-08-21 23:31:46","false","58"
"35","4997","597","80","1991-09-20 15:17:48","true","80"
"35","188","805","274","1990-08-21 14:10:05","false","75"
"35","4464","691","321","1987-04-30 07:45:53","false","36"
"35","4931","715","197","1973-05-27 01:00:55","false","78"
"35","2968","318","50","1986-01-26 04:40:32","false","13"
"35","4939","188","181","1980-07-27 22:59:13","false","63"
"35","555","358","239","1989-12-27 02:54:02","true","52"
"36","441","278","24","2012-01-19 01:54:35","false","87"
"36","3688","989","88","1995-09-22 07:38:40","false","87"
"36","1620","894","42","2012-08-08 02:19:24","false","28"
"36","352","523","91","2006-04-17 13:24:16","true","90"
"36","4317","408","136","1987-02-15 04:42:02","false","98"
"36","3894","483","17","1978-01-16 04:42:44","true","87"
"36","4676","605","289","1972-06-20 09:50:58","false","31"
"36","5","563","294","2021-04-19 01:37:14","false","2"
"37","2100","743","108","2013-02-27 23:49:32","false","87"
"37","3636","328","134","2021-09-27 16:00:20","false","3"
"37","2861","180","229","2000-01-20 04:12:15","true","1"
"37","1265","858","82","2008-01-14 05:18:01","false","77"
"37","2032","592","125","2006-06-11 13:22:26","true","19"
"37","2499","28","136","1977-11-14 22:23:22","false","6"
"37","3122","871","49","1994-09-03 22:36:14","true","51"
"37","4762","568","23","1975-06-18 02:29:35","false","23"
"38","4930","824","133","1975-09-01 22:58:52","false","10"
"38","3509","555","1","1980-03-15 16:05:47","true","96"
"38","1127","386","231","2018-05-18 00:12:31","true","20"
"38","4748","745","289","2019-07-28 10:01:46","false","26"
"38","2452","617","306","2019-08-27 12:36:45","false","4"
"38","50","540","327","2015-11-09 11:17:25","false","95"
"38","4790","966","186","1994-07-21 03:47:23","false","5"
"38","169","625","202","1980-05-06 21:08:09","true","53"
"39","2452","741","306","1998-07-07 06:27:27","true","41"
"39","2422","443","180","1984-10-10 17:16:56","true","24"
"39","1371","560","313","1971-06-09 12:28:39","true","1"
"39","2256","455","221","2014-12-06 13:17:04","false","90"
"39","4136","455","281","1979-06-03 18:09:11","false","29"
"39","3209","709","56","1976-05-07 06:12:10","false","90"
"39","1227","706","303","2021-02-14 02:48:09","false","68"
"39","870","677","259","2010-01-19 09:38:51","false","19"
"40","3713","176","33","1991-08-07 15:41:09","true","46"
"40","2735","788","312","2020-03-08 03:37:33","true","98"
"40","3952","497","292","1975-11-17 11:51:44","true","4"
"40","3823","41","236","2018-03-04 18:39:10","false","40"
"40","762","10","264","2013-11-08 18:43:02","false","93"
"40","1043","465","186","1973-01-18 16:48:00","true","25"
"40","41","192","208","1989-01-29 03:14:25","true","51"
"40","3325","641","80","1975-07-31 23:55:13","true","67"
"41","4679","21","180","1980-12-06 19:23:19","false","95"
"41","2647","122","307","1998-03-19 08:15:06","false","81"
"41","1418","906","10","1999-08-29 23:52:53","true","100"
"41","990","183","246","1973-03-23 23:36:36","false","88"
"41","2263","475","51","2008-05-07 17:03:51","false","92"
"41","3419","267","278","2019-01-21 01:17:35","true","81"
"41","2121","786","128","1986-10-15 11:28:34","true","14"
"41","1472","103","96","2020-04-12 16:45:53","true","30"
"42","1250","530","286","1977-03-16 18:25:49","false","28"
"42","4464","453","321","2008-05-07 02:52:09","false","75"
"42","1113","131","116","1980-04-28 02:57:36","true","57"
"42","1199","242","170","1989-01-06 22:17:09","false","48"
"42","1244","330","147","2020-09-21 18:49:10","true","43"
"42","2616","66","279","2021-05-27 09:03:20","false","69"
"42","1947","296","17","1988-12-22 21:03:18","false","53"
"42","141","771","165","2016-02-09 14:49:16","false","67"
"43","3547","756","26","1996-05-15 23:08:16","false","3"
"43","3245","266","136","1997-04-07 12:42:48","false","36"
"43","2300","138","196","2014-03-08 14:18:29","false","61"
"43","1950","798","168","1991-08-16 13:39:43","false","82"
"43","3956","216","246","2001-04-22 05:43:39","true","5"
"43","1409","432","133","2013-02-28 10:39:39","false","38"
"43","4672","770","182","1996-02-09 23:48:31","false","83"
"43","3939","405","303","2007-11-19 01:29:34","false","1"
"44","321","667","51","1986-11-28 23:46:19","true","86"
"44","235","212","259","1979-08-04 21:08:31","true","95"
"44","710","792","182","1975-01-27 21:10:34","false","78"
"44","4371","646","164","1982-01-05 21:14:11","true","21"
"44","3920","291","199","1983-10-28 10:54:26","false","25"
"44","749","358","183","2011-09-20 14:49:09","false","59"
"44","2320","183","266","1982-12-12 17:35:42","true","20"
"44","3808","140","236","2007-09-27 01:02:35","true","73"
"45","4195","156","271","2018-03-10 22:55:23","false","73"
"45","4192","837","127","2011-02-08 13:49:45","false","26"
"45","3497","465","226","1989-02-10 04:37:10","true","52"
"45","4030","949","268","1982-02-12 05:56:54","false","66"
"45","4608","296","146","2006-02-15 07:49:35","true","65"
"45","2541","915","252","1988-03-08 22:25:35","false","41"
"45","1853","989","123","2002-09-05 07:33:36","false","54"
"45","3684","132","64","1990-03-01 08:48:33","false","94"
"46","956","519","230","2006-03-01 17:34:15","true","79"
"46","2689","925","205","1981-05-14 21:07:41","false","65"
"46","3353","625","116","1998-12-29 22:39:49","false","41"
"46","3251","281","219","2008-08-28 10:27:06","false","56"
"46","4820","809","250","2002-08-03 22:16:12","true","88"
"46","4823","716","121","1993-06-03 10:00:44","false","66"
"46","3893","507","34","2001-10-28 20:19:45","false","92"
"46","4263","791","38","2012-09-02 11:00:56","false","23"
"47","2213","891","94","2007-09-29 21:25:12","false","27"
"47","997","143","331","2019-12-06 15:49:38","false","72"
"47","4621","786","266","1983-07-02 10:51:34","true","50"
"47","3549","682","201","1972-07-20 08:01:56","false","43"
"47","4399","832","185","1983-04-30 00:29:18","false","67"
"47","2335","463","230","2018-11-18 19:10:26","false","86"
"47","3408","103","22","1972-10-16 11:15:23","true","93"
"47","802","567","165","2006-05-03 20:26:44","false","85"
"48","162","204","37","2016-07-16 03:07:42","true","99"
"48","2340","712","25","2013-11-17 20:59:40","true","72"
"48","3883","813","78","1995-02-08 19:46:03","true","60"
"48","646","562","243","2021-03-03 14:40:21","true","99"
"48","3052","122","123","2014-07-15 21:03:05","true","44"
"48","695","632","310","1973-11-29 09:11:51","false","16"
"48","2059","551","184","1980-09-16 23:57:25","true","85"
"48","4156","833","203","1992-07-20 19:43:27","false","24"
"49","4065","244","119","1985-07-06 04:02:33","false","96"
"49","2089","949","100","2004-12-09 22:18:59","true","59"
"49","2571","455","133","1992-09-28 17:22:59","true","77"
"49","3456","165","109","1977-04-16 16:02:38","false","30"
"49","1942","211","316","2002-10-04 09:33:53","false","56"
"49","2870","715","63","1984-03-06 13:12:58","true","50"
"49","3556","31","0","2009-12-05 09:20:15","false","9"
"49","1045","197","221","2015-08-11 21:10:47","true","72"
"50","4607","142","214","1984-10-04 06:17:50","false","40"
"50","2524","217","297","2012-07-17 11:14:04","true","1"
"50","1456","395","317","1978-07-04 07:47:16","false","99"
"50","2370","625","300","1971-12-17 19:50:47","true","16"
"50","2754","324","299","2018-01-13 22:10:57","false","12"
"50","357","149","23","1989-08-11 03:57:48","false","48"
"50","4597","265","318","2011-05-20 12:10:20","false","98"
"50","4349","713","307","2013-12-05 10:21:23","true","66"
"51","584","740","169","2010-08-01 03:09:52","true","21"
"51","1055","143","132","1997-05-19 15:24:58","false","65"
"51","82","618","167","1978-05-09 18:49:05","false","100"
"51","4084","359","245","1980-03-02 06:33:42","false","52"
"51","2088","621","116","2018-08-08 13:34:24","true","61"
"51","3401","158","289","2002-04-23 14:23:55","true","21"
"51","340","249","199","2016-05-21 03:11:42","true","24"
"51","939","524","274","1971-09-03 21:23:28","false","86"
"52","4825","402","131","2002-11-28 04:24:30","true","23"
"52","703","501","320","1988-08-05 03:00:30","true","77"
"52","4818","421","68","2002-11-04 21:04:53","false","61"
"52","2740","467","265","1996-11-25 18:44:30","false","91"
"52","1115","551","221","1994-07-03 19:44:52","true","79"
"52","925","496","298","2010-12-10 15:21:21","false","59"
"52","3588","845","28","2009-03-23 07:15:57","true","22"
"52","2913","441","238","2013-01-23 05:47:39","false","80"
"53","4628","127","326","1989-05-24 21:34:59","false","26"
"53","1613","140","160","1986-07-11 21:33:43","false","3"
"53","2616","83","159","2014-08-21 16:09:35","false","63"
"53","2008","165","2","1970-04-10 13:33:05","true","39"
"53","4360","983","132","2014-04-23 02:30:39","false","9"
"53","4194","644","221","2004-04-12 00:21:35","false","45"
"53","960","223","85","1991-02-23 22:22:45","true","1"
"53","1081","302","234","2005-05-26 01:50:37","true","38"
"54","4032","608","195","1978-09-12 12:24:19","false","25"
"54","4979","684","15","2013-04-08 03:07:04","true","40"
"54","4863","971","100","2004-03-27 01:44:34","false","35"
"54","90","141","116","2009-04-16 19:51:59","true","37"
"54","1492","344","109","2018-07-05 17:57:33","true","90"
"54","4730","237","137","1990-07-03 00:43:45","true","23"
"54","3017","567","315","2006-09-13 01:25:05","true","27"
"54","324","980","332","1980-06-14 22:17:20","false","35"
"55","2190","559","182","2015-04-27 02:12:40","false","89"
"55","4756","189","42","1971-07-20 01:01:54","false","3"
"55","3828","380","293","1984-08-08 02:14:47","false","44"
"55","3509","210","290","1975-09-26 06:34:09","true","4"
"55","371","624","40","1996-07-12 18:26:52","true","73"
"55","4770","488","121","2015-01-18 00:53:49","true","33"
"55","4279","545","194","2000-03-25 20:08:08","false","34"
"55","1213","374","160","2001-11-03 06:32:07","true","67"
"56","3588","853","28","1987-03-11 05:01:59","true","69"
"56","3614","315","202","1999-02-19 03:03:06","true","100"
"56","1572","109","257","1983-02-14 00:17:02","true","86"
"56","2237","657","214","1978-08-29 07:33:31","false","18"
"56","2533","511","33","1972-05-17 14:22:07","false","47"
"56","3419","115","278","1987-12-04 09:24:49","false","15"
"56","3859","415","280","1972-07-01 10:24:52","false","90"
"56","211","259","309","1991-11-11 10:58:52","false","5"
"57","1039","265","165","1997-10-11 21:09:12","true","40"
"57","2848","44","150","1972-11-06 14:47:14","false","95"
"57","2803","148","279","1979-09-04 03:19:36","true","61"
"57","4833","480","46","2021-07-15 13:59:42","false","34"
"57","1809","413","153","1985-05-15 13:36:06","false","68"
"57","2601","134","111","1975-04-15 11:38:33","true","93"
"57","1152","844","101","2017-09-14 11:13:41","true","9"
"57","3554","227","27","2004-05-20 15:08:31","true","47"
"58","1669","653","322","2001-03-27 01:02:53","true","96"
"58","4931","7","295","1977-12-08 09:59:38","true","60"
"58","2111","98","44","1973-12-19 03:40:01","true","41"
"58","3656","444","307","1994-06-10 03:21:21","true","31"
"58","2935","864","184","1991-04-17 21:49:36","true","61"
"58","2919","583","154","1975-07-07 19:07:01","true","53"
"58","1516","8","210","2014-02-11 05:13:58","false","100"
"58","4255","591","244","2009-05-09 22:53:56","true","65"
"59","3051","69","330","1977-03-13 18:58:21","false","51"
"59","1393","800","241","2014-06-11 17:55:10","false","48"
"59","4676","275","289","2016-11-27 23:56:17","false","64"
"59","947","671","162","2008-03-16 06:57:05","false","7"
"59","4383","345","254","2010-09-06 00:29:44","false","42"
"59","4546","898","83","2000-07-03 23:43:18","false","31"
"59","329","308","115","2009-12-23 14:35:43","false","17"
"59","3723","239","12","1988-09-10 22:55:39","true","2"
"60","1042","301","165","2016-02-26 02:59:43","true","13"
"60","3842","170","167","2015-03-17 18:47:01","false","13"
"60","1568","816","204","1994-05-24 16:57:21","true","34"
"60","1800","653","279","1986-05-08 22:33:26","true","84"
"60","2194","544","285","1989-11-08 02:29:38","true","83"
"60","1232","931","287","1989-03-20 03:37:26","true","15"
"60","882","799","113","2006-08-12 05:40:25","false","64"
"60","3570","849","237","2006-09-30 13:48:46","true","97"
"61","4071","354","28","2002-07-04 01:11:57","true","18"
"61","1492","916","109","1993-06-12 20:59:29","true","49"
"61","4819","192","60","2014-05-17 14:09:47","true","68"
"61","4689","727","0","2008-08-22 12:19:38","true","49"
"61","4483","49","141","2013-07-17 16:27:05","true","96"
"61","3778","889","212","1971-06-01 04:26:58","false","81"
"61","1853","135","50","2019-07-22 14:13:46","true","55"
"61","2676","410","283","2002-03-24 08:11:56","false","63"
"62","4255","66","244","1975-11-24 03:27:12","false","20"
"62","435","613","105","1998-08-12 05:10:01","true","55"
"62","2798","635","129","2019-04-17 13:07:27","false","91"
"62","2830","992","173","2008-12-26 13:51:34","false","4"
"62","3824","298","53","1970-12-02 02:37:09","false","48"
"62","252","626","168","2000-02-01 15:07:41","false","85"
"62","2656","521","262","2009-01-09 23:29:46","false","99"
"62","2466","337","88","2015-07-04 07:13:55","false","50"
"63","1590","840","264","2016-12-18 15:45:52","true","64"
"63","4295","414","271","1979-09-28 03:11:50","false","19"
"63","1473","324","138","1992-03-12 18:04:48","true","19"
"63","4293","252","304","1984-09-28 01:13:36","true","75"
"63","1829","188","280","2005-07-06 20:32:00","true","67"
"63","2459","331","209","1995-11-27 13:51:44","true","95"
"63","4027","700","157","1988-02-15 23:54:48","false","29"
"63","2808","253","132","2016-01-16 17:44:08","true","58"
"64","2178","324","99","2005-09-15 14:12:55","true","84"
"64","1888","255","245","1972-06-07 14:52:43","true","74"
"64","4750","278","219","2005-01-04 08:03:54","false","15"
"64","1858","314","256","1986-09-27 23:49:20","false","15"
"64","627","206","309","2004-09-02 21:48:34","false","32"
"64","4147","745","117","1980-04-18 06:11:34","true","56"
"64","3396","818","248","2016-05-26 00:46:15","true","5"
"64","2349","339","260","2002-01-14 04:54:20","true","27"
"65","3859","167","280","1986-09-17 01:57:01","true","75"
"65","3801","899","167","2015-04-20 19:23:12","true","34"
"65","1584","276","79","1992-12-30 19:40:24","true","73"
"65","1796","17","266","1998-04-17 21:00:25","true","12"
"65","119","261","135","1983-11-08 17:29:18","true","14"
"65","187","611","316","1994-06-09 14:19:48","true","22"
"65","3467","985","302","2010-09-15 19:42:31","false","5"
"65","1105","363","206","2014-12-13 17:33:58","false","94"
"66","2325","84","140","2017-03-31 04:43:46","true","31"
"66","4988","761","259","1995-05-16 11:12:27","false","65"
"66","3432","322","93","1976-09-27 20:11:35","false","19"
"66","4060","913","90","2010-06-25 10:32:03","false","73"
"66","1013","624","260","1981-01-25 17:35:41","true","21"
"66","3156","876","253","1982-06-03 03:42:47","false","96"
"66","3133","177","2","2012-03-22 05:22:07","true","92"
"66","1534","57","68","2003-09-15 23:16:07","true","32"
"67","1083","899","168","1983-10-16 13:32:12","true","11"
"67","714","859","50","1984-09-20 05:06:56","false","83"
"67","645","961","315","1979-01-15 10:25:38","true","7"
"67","2583","22","269","2016-07-30 15:50:00","false","3"
"67","4027","616","26","1996-10-24 23:55:28","true","84"
"67","4835","674","168","1998-02-25 00:15:12","true","12"
"67","4952","770","10","1983-05-17 21:25:10","true","16"
"67","2228","311","258","1994-01-17 14:37:17","true","97"
"68","3942","597","37","1983-12-25 17:00:00","true","66"
"68","162","546","37","2000-01-22 23:42:13","false","42"
"68","2226","565","145","1999-02-11 07:50:38","true","25"
"68","3843","2","319","1985-05-28 12:30:35","false","46"
"68","656","660","187","2010-11-23 04:43:50","false","100"
"68","4410","627","87","2018-12-30 13:41:54","true","44"
"68","3348","186","220","1979-09-08 16:34:22","true","84"
"68","1568","236","330","1987-05-14 02:59:34","false","58"
"69","1407","944","251","1980-12-23 15:25:46","false","13"
"69","1667","208","228","2007-08-22 06:34:10","true","65"
"69","722","681","115","2002-02-22 04:54:15","true","13"
"69","3093","739","54","2004-11-24 03:18:47","true","49"
"69","2321","136","206","2000-09-04 14:20:06","true","82"
"69","3240","296","240","1989-03-18 10:01:29","false","11"
"69","810","457","222","1991-10-20 05:27:05","true","64"
"69","1714","899","145","1994-10-13 19:46:06","true","61"
"70","4180","605","54","1999-06-03 11:07:51","false","8"
"70","2434","152","11","1992-07-08 22:16:51","false","47"
"70","4562","765","265","1979-07-02 15:59:46","false","29"
"70","3123","351","58","1980-01-12 13:12:43","true","83"
"70","1254","946","208","1974-07-28 01:57:08","false","42"
"70","2325","513","140","1987-08-26 06:09:57","false","39"
"70","12","814","1","2016-12-19 16:18:04","true","7"
"70","2299","541","79","1984-07-18 05:10:20","false","89"
"71","1615","879","2","1978-10-20 03:38:09","false","14"
"71","4053","785","282","1993-04-12 09:56:29","true","34"
"71","4632","105","128","1977-06-05 00:34:28","true","75"
"71","288","392","29","2015-08-29 01:44:02","true","5"
"71","4816","345","229","1980-10-16 17:05:56","true","65"
"71","1084","757","11","1982-05-09 06:05:11","true","31"
"71","1561","144","192","2008-02-28 17:48:26","false","1"
"71","2059","214","250","1976-07-21 18:57:04","true","73"
"72","3945","791","58","2016-12-18 20:34:27","false","66"
"72","4398","508","270","2007-04-29 08:34:40","true","65"
"72","2524","295","219","1976-09-11 19:59:33","false","59"
"72","4484","302","253","2019-09-04 00:14:50","false","13"
"72","589","559","155","1998-07-30 13:32:21","true","55"
"72","800","632","137","1976-05-10 19:52:02","true","84"
"72","2593","253","300","1977-04-22 18:47:17","false","20"
"72","4576","60","311","1974-10-11 10:33:21","true","8"
"73","273","944","42","2011-07-20 04:09:13","false","75"
"73","2572","943","169","2014-09-08 01:17:21","false","1"
"73","4595","838","289","1995-02-24 11:02:45","false","68"
"73","3664","86","189","2005-05-26 06:58:03","true","86"
"73","4071","716","165","1974-06-08 16:33:00","true","31"
"73","2605","51","256","1991-04-19 07:38:03","true","88"
"73","681","196","168","2018-12-16 21:06:44","false","83"
"73","3610","604","116","1987-08-16 03:21:41","false","28"
"74","555","63","239","1972-02-05 23:50:57","false","62"
"74","1618","318","280","1988-03-31 14:11:52","true","67"
"74","2325","96","140","1980-04-20 14:35:35","true","80"
"74","14","501","23","1988-05-08 21:02:35","true","76"
"74","3067","150","191","1983-01-31 05:45:22","false","57"
"74","71","485","28","1976-06-23 00:37:36","true","5"
"74","3824","574","225","1986-05-16 04:51:35","false","55"
"74","1701","435","319","2006-09-30 00:55:20","true","56"
"75","3626","798","272","2018-06-25 00:54:55","true","22"
"75","2928","417","186","1986-02-15 00:11:12","true","27"
"75","479","555","0","1976-02-28 20:18:53","true","59"
"75","4048","259","211","2012-03-11 15:31:21","false","21"
"75","325","246","328","1990-01-07 03:40:46","true","28"
"75","3293","692","96","1993-12-13 18:23:17","false","59"
"75","994","98","74","2001-12-16 22:17:57","true","39"
"75","1468","292","89","1974-01-07 08:11:51","true","66"
"76","527","564","262","1985-07-08 22:11:14","false","36"
"76","418","430","116","2014-03-31 22:52:38","false","64"
"76","1434","682","118","2021-03-31 23:05:12","false","35"
"76","3015","642","212","1991-05-03 03:25:18","false","58"
"76","2327","876","45","2003-12-30 06:17:37","true","61"
"76","3182","638","159","1997-01-13 04:54:41","true","10"
"76","930","891","319","1970-04-11 00:11:40","true","69"
"76","4053","58","282","2006-01-10 03:02:40","true","28"
"77","2321","405","206","2007-09-14 09:13:46","false","96"
"77","2389","530","330","1972-03-20 01:51:18","true","92"
"77","3104","592","5","2016-02-13 21:45:21","true","95"
"77","2032","713","125","1971-05-09 15:23:47","true","70"
"77","3167","754","175","1981-12-15 02:16:47","true","86"
"77","3442","324","226","2005-12-21 03:32:37","true","72"
"77","1685","846","165","1976-06-08 03:35:31","true","87"
"77","418","50","116","1977-03-30 17:03:00","true","33"
"78","1306","725","96","2008-02-19 18:35:18","true","32"
"78","1768","11","2","1980-03-10 03:43:40","true","93"
"78","4283","985","95","1987-04-05 17:31:12","true","38"
"78","1557","757","162","1988-09-04 19:17:44","false","7"
"78","2842","660","138","1971-01-20 04:19:31","true","10"
"78","413","354","232","2012-11-08 08:38:54","true","53"
"78","4674","840","271","2019-08-09 07:54:50","true","43"
"78","3249","972","110","1971-11-15 11:12:35","false","50"
"79","4110","147","239","1973-03-02 18:08:31","true","54"
"79","4789","818","89","2004-09-15 03:52:53","false","57"
"79","1687","494","61","2008-12-09 15:05:50","false","43"
"79","1910","819","237","1980-04-11 09:34:30","false","9"
"79","4048","296","257","2009-08-18 04:25:59","true","76"
"79","786","299","195","1991-03-01 21:17:52","true","64"
"79","1480","854","134","1971-07-15 19:09:51","true","75"
"79","2481","558","167","2017-06-02 08:55:01","false","71"
"80","4148","942","49","2002-02-18 01:08:57","true","12"
"80","2685","389","289","1989-10-06 10:03:00","true","86"
"80","3527","372","197","1985-06-07 22:13:58","false","94"
"80","3200","962","158","1994-06-18 02:31:01","true","56"
"80","564","496","4","2003-05-01 03:52:38","false","76"
"80","790","77","248","1971-01-10 14:47:24","false","24"
"80","2678","336","83","2013-02-28 03:30:33","false","85"
"80","3974","960","206","1979-10-06 07:55:11","false","15"
"81","3432","644","171","1976-10-16 22:16:21","false","6"
"81","754","64","120","2004-11-12 05:46:44","false","93"
"81","3062","813","106","1975-05-10 09:22:46","true","11"
"81","3379","592","103","1970-04-10 04:56:30","true","48"
"81","2275","39","18","2012-04-25 10:43:22","true","58"
"81","1308","380","43","2010-01-04 00:49:19","true","62"
"81","1625","907","77","1988-06-05 07:41:28","false","48"
"81","4609","83","270","1990-09-21 02:02:44","false","57"
"82","2240","516","332","1995-03-12 18:42:28","false","23"
"82","213","422","32","1991-01-30 09:51:49","true","95"
"82","645","972","315","1997-05-06 22:42:33","true","11"
"82","4536","936","24","1993-09-23 03:40:24","false","68"
"82","1290","328","83","1989-11-27 22:20:15","true","24"
"82","2676","551","46","2004-02-18 01:32:51","false","76"
"82","2349","253","18","2021-06-23 05:41:14","true","62"
"82","2362","585","218","2013-11-02 08:42:45","false","68"
"83","4654","557","298","2020-02-03 01:35:12","true","40"
"83","242","911","202","1974-11-13 14:23:17","false","82"
"83","2280","884","306","1986-10-08 05:48:54","false","10"
"83","2844","913","275","1973-12-14 07:35:56","true","87"
"83","3349","478","253","1975-05-31 05:25:40","false","2"
"83","4104","349","243","1999-05-18 20:33:18","false","12"
"83","4616","529","38","2010-05-17 15:30:01","true","94"
"83","2292","929","227","1989-11-07 22:29:29","false","29"
"84","3029","767","35","1984-05-20 20:47:17","true","44"
"84","1604","449","169","1990-07-28 20:12:04","true","83"
"84","3020","369","86","2019-09-09 11:22:58","true","58"
"84","1640","162","231","2011-12-12 12:09:31","false","49"
"84","4710","586","87","1984-01-05 16:57:33","true","69"
"84","510","146","164","2017-07-22 19:05:55","false","47"
"84","596","793","189","1983-02-26 21:36:26","true","57"
"84","3889","64","90","1989-10-10 18:57:23","true","41"
"85","1864","318","158","1973-05-02 11:21:31","false","18"
"85","100","590","262","1991-12-26 03:10:37","true","98"
"85","4322","9","31","1970-05-17 18:25:34","true","22"
"85","4770","232","330","2021-02-08 18:34:49","true","37"
"85","4459","583","37","2009-04-24 02:54:28","false","85"
"85","3220","161","269","2002-04-11 13:49:05","false","38"
"85","4493","92","225","1998-07-18 18:25:06","true","86"
"85","610","935","328","1998-09-24 00:26:24","false","22"
"86","4326","684","102","1998-05-30 17:57:12","false","20"
"86","4623","340","245","1997-05-24 04:36:15","false","98"
"86","646","892","243","1972-05-10 15:48:50","false","31"
"86","2681","198","118","2007-01-28 08:39:13","false","50"
"86","142","757","234","1991-10-26 22:19:59","true","61"
"86","4793","929","22","1990-05-04 21:01:47","true","91"
"86","1388","577","180","1972-10-30 16:44:47","true","90"
"86","4369","523","182","1988-11-20 13:33:26","false","50"
"87","772","695","289","1993-01-31 08:18:18","false","57"
"87","3935","424","36","1991-09-05 22:49:05","false","80"
"87","4676","319","244","1981-02-10 08:08:35","true","75"
"87","265","585","144","2020-05-28 18:15:51","false","66"
"87","2560","358","324","1995-07-08 23:03:06","false","100"
"87","146","775","116","1993-08-18 04:43:04","false","25"
"87","75","301","41","2000-09-28 11:51:52","false","4"
"87","4031","842","176","2008-05-31 06:13:00","false","5"
"88","1164","957","163","2020-08-08 10:17:11","false","100"
"88","1300","954","137","1993-12-04 22:03:31","false","69"
"88","4230","787","38","2021-01-24 18:44:31","true","92"
"88","1212","282","29","1974-05-10 00:10:42","true","22"
"88","4961","486","87","1985-05-29 06:46:25","false","27"
"88","1890","293","260","1974-09-03 12:50:54","true","41"
"88","4182","103","280","1997-12-30 09:03:34","true","39"
"88","796","683","163","2014-12-27 07:30:49","true","93"
"89","1838","460","54","1993-04-30 09:21:15","true","81"
"89","2134","398","212","2014-10-26 06:15:01","false","48"
"89","4112","117","132","2016-03-27 11:59:39","true","86"
"89","700","295","40","1974-10-09 16:37:39","false","17"
"89","4420","155","44","2018-04-15 19:29:59","true","44"
"89","4217","518","4","2013-04-20 11:33:25","false","41"
"89","1425","288","3","2006-09-16 21:47:30","false","99"
"89","1588","575","211","1991-10-30 22:05:37","false","29"
"90","3831","487","184","1976-05-15 08:53:18","false","62"
"90","4262","925","324","2000-11-16 12:06:23","false","9"
"90","3809","683","164","2020-07-02 12:58:34","true","50"
"90","4860","605","319","2012-04-14 05:43:41","false","10"
"90","1123","19","41","1977-03-03 06:03:09","true","1"
"90","1108","908","267","1979-03-17 19:24:36","true","93"
"90","613","185","172","1974-06-26 09:46:14","false","72"
"90","1456","270","317","2008-08-26 07:25:21","true","34"
"91","4301","584","35","1976-10-07 01:06:14","true","6"
"91","4754","539","18","2015-04-27 19:18:11","false","78"
"91","2194","583","65","1981-04-21 13:10:19","false","3"
"91","2244","394","139","2019-11-06 15:11:04","false","5"
"91","3107","158","38","1998-05-26 23:50:04","false","57"
"91","2237","961","27","1997-03-28 20:55:59","true","68"
"91","2784","815","100","2002-12-29 23:46:40","false","15"
"91","3443","360","120","1988-10-01 11:00:56","true","36"
"92","513","307","13","2015-04-12 04:24:56","true","76"
"92","1515","84","272","2017-01-07 09:46:24","false","14"
"92","2255","248","122","1974-04-19 09:36:13","false","2"
"92","2020","618","84","1996-06-28 10:33:29","false","55"
"92","3354","441","10","1994-05-27 03:44:47","false","13"
"92","368","987","320","2004-06-09 04:54:41","false","44"
"92","1508","977","42","2000-03-03 13:12:26","true","67"
"92","2283","429","174","1970-08-01 04:34:00","false","22"
"93","703","3","238","2016-05-28 05:11:59","false","40"
"93","882","406","113","2015-10-31 12:13:35","false","87"
"93","260","734","74","1980-12-05 15:16:21","true","7"
"93","4123","895","245","1989-04-10 13:02:18","true","65"
"93","2131","714","312","1976-02-21 05:51:56","false","82"
"93","722","536","115","1975-07-28 21:57:42","false","87"
"93","1078","261","281","1976-08-01 17:28:09","true","47"
"93","4386","580","238","2004-12-25 06:55:38","true","15"
"94","4424","765","318","2005-03-12 19:12:31","true","39"
"94","4837","283","279","1987-10-08 05:21:11","true","49"
"94","2429","793","296","2009-08-24 14:05:49","false","46"
"94","4028","7","99","1982-06-14 02:45:45","false","40"
"94","4415","899","39","1971-11-24 23:01:22","false","76"
"94","46","773","242","1982-03-13 01:40:05","false","36"
"94","4126","103","193","2006-10-08 03:13:17","true","32"
"94","4123","718","239","1985-05-03 00:43:08","true","4"
"95","3305","351","28","1988-02-14 14:06:20","false","54"
"95","4629","823","4","1985-11-15 19:10:00","false","3"
"95","2164","56","222","1998-04-24 00:52:44","false","6"
"95","3047","633","288","1997-03-16 10:49:17","false","45"
"95","3376","106","331","1999-10-14 04:21:44","true","75"
"95","3520","648","36","2019-08-24 22:06:11","true","44"
"95","3778","234","212","2018-08-14 12:06:14","true","31"
"95","921","237","309","2018-01-10 14:31:23","true","89"
"96","1308","331","96","2012-02-27 22:11:47","false","48"
"96","75","633","189","1984-10-07 06:28:02","true","33"
"96","2034","239","175","1986-10-10 14:53:52","true","66"
"96","444","167","256","1993-10-28 09:23:55","false","54"
"96","3922","754","24","1993-02-16 13:24:13","true","53"
"96","510","395","164","1973-04-13 03:36:44","true","97"
"96","3252","779","211","2017-04-07 15:49:14","true","78"
"96","4613","431","250","2001-01-17 14:25:02","true","69"
"97","1340","731","107","1972-10-04 16:56:13","false","58"
"97","2205","315","270","1986-10-27 16:23:56","false","81"
"97","3730","486","2","1999-11-04 23:23:37","false","57"
"97","3386","470","258","2010-03-05 14:30:58","false","46"
"97","3793","63","96","1977-01-05 14:33:25","true","80"
"97","3600","248","135","1981-01-15 21:32:54","true","50"
"97","794","218","183","2005-03-20 16:54:17","false","86"
"97","4020","875","107","1974-01-30 00:43:32","true","72"
"98","4624","969","19","2021-05-22 04:39:53","true","18"
"98","2190","388","54","1979-06-14 10:37:47","true","92"
"98","3285","447","206","2017-06-27 16:49:19","true","6"
"98","4094","592","55","1978-10-06 17:31:23","true","47"
"98","3866","203","271","1999-10-24 21:25:25","false","91"
"98","2869","426","11","1998-06-19 20:00:10","false","34"
"98","1555","729","247","1988-02-11 19:01:29","true","80"
"98","4111","515","100","1973-07-25 22:30:24","true","3"
"99","444","147","256","2002-09-08 04:54:28","true","33"
"99","2688","729","201","1989-07-04 05:33:13","true","40"
"99","2916","63","15","2005-10-23 23:41:16","true","28"
"99","1526","251","255","1973-11-07 15:53:52","false","46"
"99","1918","477","210","1987-12-26 16:27:49","true","69"
"99","4580","177","330","2011-01-10 22:20:23","true","99"
"99","847","98","213","1970-01-21 01:30:11","true","1"
"99","3938","282","221","1983-08-30 01:18:00","false","13"
"100","3185","281","262","1985-04-08 01:22:54","true","15"
"100","2577","691","243","1975-03-15 22:53:50","false","84"
"100","2100","247","212","2014-04-23 22:46:41","false","12"
"100","2823","588","259","1998-01-17 18:11:22","true","63"
"100","774","535","328","1989-08-12 06:59:53","true","39"
"100","1612","790","171","2000-12-17 16:37:16","false","63"
"100","1921","889","49","2018-03-19 02:52:43","false","15"
"100","1665","218","1","2006-04-01 17:19:08","true","1"
"101","1577","23","10","2014-07-28 14:37:48","true","1"
"101","1359","238","141","1976-09-03 06:10:41","false","75"
"101","3651","171","304","2013-10-06 17:06:06","true","23"
"101","770","539","283","2000-06-01 01:40:44","true","65"
"101","851","145","51","1995-04-04 09:56:15","false","62"
"101","2222","339","87","2007-09-21 17:09:42","true","22"
"101","1428","444","320","1975-06-24 08:39:50","false","75"
"101","338","265","197","1998-02-22 14:26:43","true","95"
"102","1612","243","171","2015-02-27 03:24:03","false","44"
"102","1842","152","83","1997-07-27 07:23:21","true","49"
"102","3122","237","49","2010-06-26 08:42:53","false","86"
"102","3133","703","2","1988-09-27 04:24:03","false","15"
"102","12","997","1","1978-07-10 21:55:41","false","13"
"102","2926","35","325","1984-10-11 08:50:17","true","28"
"102","4693","137","244","1970-05-31 10:44:38","false","56"
"102","3842","40","38","2004-09-20 08:32:48","true","88"
"103","3265","628","140","1999-06-15 19:23:06","false","72"
"103","3290","247","272","2017-08-27 04:32:47","true","79"
"103","4740","534","282","2006-10-12 03:24:30","true","40"
"103","385","816","74","2016-07-30 12:16:42","true","5"
"103","3790","201","214","1984-05-16 19:37:50","true","22"
"103","789","471","38","2019-05-30 17:47:54","false","2"
"103","18","486","186","1970-01-20 12:23:14","false","78"
"103","1925","677","103","1980-10-05 23:18:48","false","2"
"104","1785","976","175","1994-01-01 18:41:36","false","65"
"104","1113","628","116","2005-08-13 00:49:49","false","62"
"104","4352","732","158","2009-10-16 18:54:48","false","25"
"104","3677","338","136","2012-07-04 10:49:37","false","20"
"104","141","727","165","1999-05-19 02:02:29","false","36"
"104","2965","867","302","1990-01-18 11:20:28","false","12"
"104","4336","777","220","1995-11-02 09:35:08","false","76"
"104","4713","546","200","2001-02-18 02:19:26","false","94"
"105","2835","302","41","2017-01-04 01:12:34","false","15"
"105","4502","669","216","1996-08-24 08:27:06","true","22"
"105","4509","47","12","2002-12-06 20:53:00","true","33"
"105","2305","831","144","1987-09-24 18:59:28","true","63"
"105","1507","275","286","2021-12-05 07:35:08","false","71"
"105","4902","74","152","1994-11-23 09:01:37","false","90"
"105","4135","855","316","1972-11-30 11:43:48","false","66"
"105","337","764","188","2015-11-26 00:11:53","false","79"
"106","3210","116","110","2019-01-26 01:39:27","true","90"
"106","1852","283","51","1972-03-26 01:09:26","true","3"
"106","3301","41","250","2011-05-19 01:32:55","true","30"
"106","4484","695","268","1992-02-03 09:28:39","false","12"
"106","1308","15","135","1978-11-28 14:59:47","false","59"
"106","4847","33","70","1984-01-21 03:57:44","false","14"
"106","3831","417","304","2001-06-26 20:13:48","true","93"
"106","4895","143","189","1970-06-23 10:26:01","true","46"
"107","3714","462","22","2020-10-23 14:05:07","false","5"
"107","156","508","68","1989-10-16 13:15:17","true","57"
"107","870","116","259","1993-07-27 06:50:09","false","86"
"107","27","565","113","1989-01-29 05:45:42","false","54"
"107","4368","527","121","1978-02-11 16:45:59","true","52"
"107","4526","488","122","1987-07-28 22:30:30","false","36"
"107","2038","657","332","2014-01-10 15:46:49","false","14"
"107","4690","776","114","2008-09-29 08:24:31","true","55"
"108","1383","711","189","1992-01-10 09:37:49","true","20"
"108","301","654","59","1990-04-04 09:26:05","true","32"
"108","3914","961","106","1994-10-19 14:10:45","false","93"
"108","192","592","174","1981-04-23 01:00:28","false","61"
"108","1911","311","241","1995-05-23 10:01:58","true","44"
"108","3083","803","55","1970-06-20 14:22:59","false","40"
"108","3673","67","181","2005-08-11 08:13:44","true","55"
"108","4730","420","327","1982-05-13 08:41:17","true","98"
"109","3094","377","217","2012-04-22 19:27:20","true","25"
"109","624","883","195","1980-04-10 00:07:31","true","100"
"109","2946","491","154","2020-09-09 05:02:57","true","90"
"109","2031","420","303","1992-09-01 18:10:53","false","82"
"109","542","825","197","1990-06-26 11:21:59","true","40"
"109","3166","97","143","2016-06-19 05:27:25","true","91"
"109","3667","534","98","2001-07-25 00:42:51","false","37"
"109","4219","832","289","1983-10-08 14:27:06","true","26"
"110","1325","365","293","1980-06-21 02:04:06","true","89"
"110","3768","839","287","1997-01-18 17:36:08","false","46"
"110","4833","269","6","2006-01-15 14:36:52","true","85"
"110","3253","116","147","1983-12-06 09:39:25","true","86"
"110","3434","372","124","2013-02-05 01:33:15","true","93"
"110","3037","187","42","1979-02-08 03:11:03","true","2"
"110","4561","758","38","1975-08-24 19:23:26","false","17"
"110","4901","550","280","2011-10-28 15:18:57","true","32"
"111","1809","484","126","1992-06-24 20:51:12","false","37"
"111","837","896","233","2002-04-08 15:01:39","true","17"
"111","41","897","208","1977-07-26 02:53:10","false","63"
"111","4371","3","172","2008-07-20 12:29:10","false","37"
"111","4022","303","254","1997-02-22 22:15:03","false","95"
"111","4477","517","318","2004-04-15 18:28:18","false","4"
"111","1946","447","165","1988-11-15 15:40:08","true","33"
"111","4094","178","55","1976-04-09 08:28:58","false","50"
"112","1123","760","192","1995-06-29 21:22:36","true","62"
"112","2424","197","229","1978-10-30 05:09:07","true","54"
"112","4826","264","192","1985-11-07 21:03:19","false","40"
"112","676","432","48","2001-04-17 04:47:58","false","77"
"112","4926","877","172","1978-01-09 18:48:53","false","95"
"112","1240","354","220","2020-02-07 14:34:01","false","76"
"112","4668","592","259","1981-05-21 01:55:23","true","97"
"112","2518","465","242","2006-07-28 06:13:28","true","79"
"113","2996","666","103","1978-05-25 13:20:10","false","5"
"113","3641","729","88","2001-03-30 00:25:47","true","98"
"113","4639","307","243","2008-07-31 12:29:34","true","75"
"113","1595","605","228","1975-05-06 15:34:28","true","64"
"113","2141","40","26","1993-10-14 21:39:31","true","80"
"113","2572","678","117","2003-10-28 01:37:36","false","77"
"113","2165","886","193","1985-08-03 05:28:35","false","49"
"113","1368","389","249","1992-02-24 15:19:12","true","11"
"114","4979","609","57","1989-12-20 12:53:04","true","8"
"114","3641","862","88","2007-10-22 20:54:49","true","67"
"114","4443","687","197","2014-11-01 13:51:35","false","78"
"114","1409","811","133","2020-09-14 08:41:15","false","68"
"114","2732","605","141","2012-05-25 10:24:23","true","35"
"114","2983","732","60","1998-10-15 04:43:57","false","71"
"114","4863","587","100","2020-09-05 19:20:22","true","47"
"114","1901","441","204","2020-02-02 08:12:03","false","31"
"115","2143","781","262","1997-08-24 02:10:48","true","15"
"115","2852","837","177","2008-06-17 01:14:01","true","15"
"115","4791","281","177","2008-06-01 14:40:33","false","35"
"115","1228","714","50","1998-02-16 04:18:50","false","32"
"115","1895","129","21","1987-01-28 07:10:24","true","12"
"115","3732","146","52","2004-10-27 08:56:10","false","1"
"115","4194","12","96","2004-08-26 19:40:12","false","2"
"115","4954","636","21","1975-05-05 19:15:30","true","78"
"116","1080","149","43","2005-04-02 14:15:39","true","34"
"116","3387","996","201","1994-10-24 12:40:02","false","65"
"116","3401","850","6","2004-04-19 14:41:48","true","16"
"116","4743","798","31","1984-11-20 15:35:50","true","93"
"116","1005","116","192","2012-09-16 09:13:38","true","42"
"116","4188","330","332","1971-12-28 01:53:52","true","87"
"116","4032","186","60","2013-04-11 01:08:15","true","79"
"116","2286","493","165","2014-05-06 16:51:23","false","28"
"117","3463","486","213","2000-11-23 00:36:09","true","13"
"117","3143","430","146","1989-12-11 00:27:00","false","93"
"117","1401","382","13","1973-02-09 07:31:55","true","18"
"117","2151","994","10","1991-09-12 02:38:13","true","30"
"117","3224","731","234","1977-12-09 23:18:12","false","45"
"117","552","705","115","1970-07-27 20:31:48","true","19"
"117","2875","991","321","2009-09-29 01:48:35","true","85"
"117","1187","890","12","2015-01-02 08:27:19","false","22"
"118","3123","974","33","1979-08-30 18:44:24","false","58"
"118","2541","337","217","1997-04-17 14:17:21","false","65"
"118","710","296","179","1979-02-19 12:40:02","true","30"
"118","3079","430","13","1970-01-10 08:51:29","false","41"
"118","1331","437","186","1985-02-16 08:40:30","true","100"
"118","3955","994","215","2006-03-19 11:40:51","false","26"
"118","1709","867","143","1973-08-30 09:11:26","false","75"
"118","4008","214","288","1992-06-20 00:02:12","true","72"
"119","3336","365","76","1999-09-13 15:14:18","false","45"
"119","4250","109","196","1980-01-20 14:44:17","true","33"
"119","65","921","170","2008-09-30 14:59:48","true","10"
"119","2035","841","30","2002-12-05 03:36:57","true","41"
"119","2850","957","248","1977-01-24 12:28:43","false","100"
"119","4804","85","137","1995-04-12 08:24:24","true","13"
"119","420","708","9","1970-10-22 13:17:35","false","32"
"119","2746","377","171","1999-03-11 14:02:11","true","52"
"120","3411","260","279","2021-10-26 05:11:29","false","91"
"120","1168","579","33","1981-09-19 05:52:20","false","46"
"120","2953","186","169","2011-03-08 15:19:01","true","80"
"120","2636","431","243","2017-07-28 11:22:39","false","26"
"120","3266","148","228","2002-08-12 18:37:31","false","3"
"120","3057","800","137","2013-03-22 22:23:30","true","47"
"120","4436","361","301","1982-11-23 13:42:53","true","75"
"120","2273","658","76","1983-06-16 22:46:03","false","89"
"121","880","469","165","1991-03-02 11:40:29","false","98"
"121","790","197","131","2003-02-11 22:58:31","false","39"
"121","3600","11","245","1999-09-21 04:30:45","false","55"
"121","2392","282","259","1984-04-15 11:26:08","true","79"
"121","2587","477","293","1970-10-17 19:30:14","false","67"
"121","1852","823","51","1972-06-20 14:29:22","true","39"
"121","3324","328","107","1981-11-16 21:58:03","false","57"
"121","50","439","15","1992-04-17 03:15:15","false","22"
"122","385","528","294","1980-09-27 04:58:33","false","54"
"122","4484","115","268","2021-12-04 01:48:37","false","41"
"122","492","888","163","1982-05-31 19:33:58","false","59"
"122","22","722","320","1994-04-04 05:22:12","true","6"
"122","1142","686","209","2003-02-03 05:43:30","true","43"
"122","4358","208","211","1971-02-25 09:30:02","true","7"
"122","962","625","38","1976-05-12 23:19:13","true","94"
"122","3344","524","85","1998-10-29 16:11:12","true","74"
"123","1962","320","166","1999-05-22 07:45:51","true","67"
"123","3188","723","216","1989-01-11 21:46:05","false","97"
"123","1001","863","301","1974-10-29 03:26:44","false","16"
"123","4502","731","61","2009-05-03 04:27:21","false","34"
"123","4555","778","290","1995-10-31 08:53:06","true","13"
"123","2875","735","321","2002-03-11 16:53:11","false","95"
"123","3627","689","140","1980-12-11 09:30:27","true","89"
"123","576","229","313","1973-05-29 21:34:36","false","2"
"124","2327","654","45","1986-05-04 01:52:56","true","66"
"124","2434","707","11","2013-01-16 23:42:45","false","90"
"124","684","975","121","1980-03-28 09:57:05","true","25"
"124","1737","154","24","2015-09-19 19:38:28","false","91"
"124","770","609","257","1996-08-27 00:20:43","false","46"
"124","3132","311","215","1980-03-17 07:01:45","true","26"
"124","4408","1","118","1996-06-05 02:54:19","false","36"
"124","611","803","260","2011-10-16 14:21:50","false","100"
