"115","722","54"
"2","2088","54"
"7","2577","33"
"260","799","81"
"107","436","46"
"62","4555","24"
"38","1680","3"
"134","2414","91"
"133","1409","45"
"331","4100","83"
"210","3159","6"
"41","4531","96"
"147","4313","57"
"98","573","28"
"276","1759","69"
"308","1976","95"
"289","4748","15"
"7","4903","16"
"302","1649","53"
"63","4141","7"
"229","3583","93"
"280","651","43"
"293","2890","25"
"159","4866","53"
"167","3616","27"
"206","2295","93"
"121","276","12"
"244","3386","68"
"275","3371","6"
"106","2071","2"
"103","3858","37"
"71","4393","21"
"260","3599","93"
"102","299","61"
"325","2926","60"
"165","1042","61"
"315","2087","26"
"68","2449","18"
"192","1914","13"
"248","4246","15"
"285","661","18"
"244","708","23"
"311","1565","76"
"2","3133","52"
"185","2930","25"
"144","2305","98"
"6","3691","84"
"33","1518","79"
"321","3941","49"
"273","4873","86"
"229","4139","21"
"4","4554","53"
"67","3278","92"
"276","4666","31"
"247","3522","17"
"233","2492","14"
"158","1811","14"
"133","1784","97"
"95","4073","44"
"5","1089","50"
"161","3621","66"
"11","4467","1"
"114","108","5"
"162","947","26"
"325","1678","8"
"57","1486","97"
"37","4117","75"
"299","873","23"
"5","4796","52"
"29","2143","29"
"252","924","48"
"296","3969","25"
"237","1990","48"
"93","3920","33"
"24","4536","5"
"15","4971","93"
"305","3659","75"
"47","3785","44"
"43","1308","50"
"253","70","36"
"250","1239","82"
"137","3696","3"
"205","3107","80"
"53","2972","65"
"58","251","91"
"56","4622","52"
"129","4650","66"
"22","3714","62"
"304","4293","78"
"93","3744","88"
"124","3558","36"
"197","4931","33"
"123","524","8"
"321","2542","69"
"12","283","75"
"12","3519","9"
"305","1406","85"
"277","2313","100"
"305","2157","76"
"73","2143","83"
"80","4997","15"
"121","4368","40"
"4","35","20"
"284","48","45"
"319","1762","10"
"34","4174","89"
"3","2785","87"
"180","4084","1"
"254","3844","54"
"117","2433","41"
"160","186","87"
"28","71","30"
"253","1219","26"
"76","2273","12"
"57","37","70"
"165","4776","70"
"23","4762","11"
"109","4625","7"
"12","4057","86"
"197","1711","78"
"177","2852","86"
"33","965","97"
"93","2138","11"
"53","1320","98"
"253","3745","40"
"233","4416","62"
"125","2644","19"
"208","1038","48"
"129","3631","58"
"263","3915","21"
"197","4443","80"
"94","4121","83"
"193","2096","37"
"192","772","72"
"161","2877","42"
"293","1450","64"
"259","870","64"
"29","2219","85"
"171","2746","36"
"226","3438","16"
"142","4874","38"
"253","357","99"
"290","3088","19"
"188","1028","94"
"3","1773","45"
"44","2162","93"
"128","715","84"
"249","735","16"
"274","2222","93"
"181","3397","19"
"259","1642","36"
"70","4862","29"
"281","1078","100"
"6","2045","20"
"223","503","56"
"91","3614","21"
"193","2695","9"
"325","338","85"
"195","4739","87"
"201","2581","77"
"169","3604","55"
"56","4485","80"
"163","2024","10"
"107","1340","14"
"218","3145","73"
"273","286","40"
"238","309","49"
"64","368","94"
"53","2500","8"
"94","2071","13"
"112","288","25"
"35","4292","59"
"193","2165","54"
"19","2974","81"
"12","550","68"
"83","730","25"
"110","18","5"
"182","2336","93"
"156","1297","29"
"318","844","6"
"19","771","62"
"186","2928","24"
"5","2370","35"
"185","3696","65"
"20","4072","92"
"167","3058","82"
"322","1669","13"
"176","3212","2"
"309","4460","68"
"66","1774","77"
"45","2403","97"
"279","3924","1"
"9","2568","66"
"3","1539","67"
"189","1502","45"
"153","1809","56"
"139","2244","43"
"21","3423","84"
"144","1021","57"
"239","4476","3"
"287","4593","74"
"222","430","86"
"49","4115","10"
"3","3300","33"
"66","3165","12"
"14","1621","83"
"302","25","53"
"271","1860","32"
"3","662","37"
"322","950","69"
"1","3509","86"
"33","2092","25"
"67","3635","26"
"331","565","90"
"169","3700","85"
"295","4994","88"
"28","3305","69"
"228","4668","28"
"215","3132","45"
"131","633","50"
"4","2859","55"
"271","4674","51"
"89","4979","5"
"299","3897","60"
"256","2536","22"
"324","17","46"
"169","4930","19"
"66","115","36"
"243","4805","89"
"143","342","98"
"225","3703","19"
"204","1718","1"
"255","2547","23"
"131","3884","11"
"76","101","82"
"164","4786","12"
"115","940","57"
"172","181","24"
"10","505","32"
"112","599","85"
"169","584","14"
"72","4821","20"
"35","1275","64"
"319","3647","81"
"109","2997","76"
"226","4909","65"
"151","4679","47"
"172","929","87"
"46","2374","93"
"299","3864","78"
"99","2966","30"
"294","1958","79"
"87","2947","93"
"67","3048","22"
"188","365","76"
"27","140","34"
"197","338","9"
"210","1516","3"
"271","4295","35"
"214","4607","10"
"142","2039","17"
"92","4945","75"
"13","1946","31"
"103","3379","37"
"113","4744","15"
"261","2203","22"
"236","4255","27"
"85","2121","4"
"227","1804","18"
"107","4020","28"
"224","3835","99"
"259","3368","30"
"94","2189","30"
"11","98","83"
"288","2084","89"
"23","14","66"
"116","2088","75"
"256","3594","80"
"162","4250","84"
"45","2327","87"
"231","1640","47"
"254","2769","93"
"27","3554","67"
"120","4317","92"
"56","3765","99"
"120","4928","72"
"278","4391","83"
"230","928","86"
"76","612","44"
"14","2957","94"
"310","2120","57"
"21","1677","50"
"146","1575","45"
"293","3278","90"
"108","3698","90"
"150","3974","42"
"118","512","8"
"226","3442","38"
"258","474","37"
"32","50","11"
"252","2541","83"
"321","2875","53"
"307","4208","59"
"136","4317","70"
"312","2654","7"
"78","4860","22"
"121","1275","58"
"225","2731","65"
"128","4632","66"
"306","3286","92"
"299","1895","46"
"293","2893","33"
"72","4457","59"
"303","1227","37"
"101","2806","78"
"33","4331","25"
"306","2159","73"
"229","4816","57"
"141","3569","67"
"105","1572","51"
"302","1387","24"
"42","4642","74"
"211","3252","58"
"37","644","15"
"108","4474","22"
"15","4540","74"
"200","4537","21"
"179","710","62"
"125","4446","12"
"186","1161","83"
"3","780","52"
"264","517","25"
"272","3626","46"
"61","1687","3"
"221","4194","12"
"116","206","21"
"123","4599","11"
"58","2836","4"
"272","1606","50"
"163","4573","78"
"173","622","63"
"178","2974","46"
"265","2429","67"
"286","3944","59"
"113","4788","79"
"303","2586","62"
"23","2937","34"
"219","2422","60"
"300","2619","85"
"230","635","32"
"128","1645","14"
"72","2189","62"
"4","2912","83"
"297","3282","68"
"294","3715","35"
"95","4827","84"
"34","4244","3"
"102","1047","87"
"168","1773","13"
"311","4576","6"
"48","3236","23"
"92","2226","34"
"272","4890","48"
"147","4392","30"
"139","319","17"
"158","2174","28"
"72","3007","64"
"92","4932","73"
"23","170","39"
"151","1743","87"
"238","4634","76"
"324","2868","27"
"145","3621","13"
"182","4369","32"
"129","3084","71"
"199","298","63"
"191","3221","99"
"117","3133","41"
"281","4136","95"
"215","3591","77"
"158","1864","32"
"281","1083","62"
"3","2102","87"
"111","145","34"
"319","3350","44"
"175","2585","1"
"317","3478","69"
"171","3943","41"
"85","3344","54"
"150","3689","27"
"180","3528","13"
"24","2211","33"
"273","2246","66"
"223","3659","44"
"287","3030","40"
"158","2107","66"
"320","4288","55"
"15","1858","57"
"109","710","94"
"315","3017","65"
"245","2884","86"
"48","2910","71"
"195","3144","81"
"218","4580","59"
"310","609","79"
"218","1855","33"
"293","929","36"
"10","1180","77"
"87","2882","97"
"131","790","97"
"102","763","97"
"62","3417","97"
"52","3042","4"
"204","1568","13"
"185","1000","39"
"288","3168","87"
"293","2144","25"
"264","4664","26"
"221","1045","89"
"240","4809","45"
"59","3300","50"
"261","2633","62"
"6","1998","54"
"34","2424","77"
"213","1609","98"
"330","978","27"
"47","3330","55"
"210","1478","26"
"146","4237","9"
"168","3110","58"
"330","405","72"
"18","1021","56"
"46","4833","91"
"162","625","97"
"255","1342","50"
"103","3911","32"
"30","3442","34"
"137","337","37"
"244","2063","71"
"53","3824","86"
"301","2457","88"
"231","664","46"
"195","4865","22"
"109","1066","5"
"17","3115","51"
"96","395","40"
"197","3393","61"
"46","2151","86"
"49","1675","68"
"302","2965","40"
"254","2471","75"
"294","4566","18"
"47","858","82"
"157","2846","91"
"188","1809","50"
"64","967","34"
"22","4206","87"
"24","3222","11"
"197","1261","99"
"175","3356","14"
"8","3388","2"
"77","2267","15"
"133","1463","47"
"303","3249","33"
"268","1696","9"
"286","3238","87"
"148","2204","46"
"229","2059","56"
"109","3456","100"
"64","3684","14"
"93","1204","57"
"109","3024","24"
"151","2671","30"
"238","2095","3"
"158","528","88"
"273","4105","27"
"90","4069","89"
"216","861","12"
"272","2894","4"
"177","4876","69"
"113","758","44"
"59","301","56"
"73","3765","46"
"48","2355","93"
"277","3335","79"
"43","2250","74"
"70","620","30"
"222","2711","100"
"326","218","30"
"245","4084","76"
"114","326","24"
"263","2622","91"
"298","4331","20"
"134","2896","35"
"26","3098","40"
"95","4283","14"
"318","1411","60"
"128","2297","62"
"238","2314","40"
"172","4989","55"
"127","4302","95"
"221","2256","47"
"141","1447","96"
"194","2088","5"
"285","307","73"
"188","2175","7"
"210","3972","83"
"223","2442","92"
"241","3850","19"
"92","473","28"
"48","4066","39"
"202","1838","22"
"33","3727","12"
"206","3262","61"
"307","2780","91"
"192","753","1"
"100","2784","94"
"187","2164","95"
"206","4459","41"
"88","2094","24"
"272","3271","93"
"38","4230","34"
"113","1827","24"
"34","1534","14"
"297","3004","42"
"282","4053","35"
"298","3796","36"
"54","866","100"
"323","4579","76"
"67","3297","46"
"42","1508","35"
"252","3841","13"
"205","3661","25"
"121","4677","87"
"83","3128","63"
"231","1395","57"
"213","1840","35"
"163","322","71"
"250","2734","11"
"195","786","5"
"211","1588","30"
"56","2574","3"
"294","5","77"
"1","2828","34"
"141","3431","89"
"283","17","51"
"145","2226","7"
"171","3432","48"
"45","4875","4"
"29","143","2"
"210","1242","46"
"297","896","91"
"287","130","88"
"330","849","40"
"124","3434","81"
"145","3406","50"
"154","4878","58"
"180","4612","31"
"101","1152","10"
"45","1063","28"
"14","4451","25"
"217","3186","52"
"217","2607","84"
"284","4807","55"
"281","2072","22"
"270","4526","54"
"309","3894","44"
"224","943","66"
"38","4683","81"
"287","4930","33"
"222","2164","25"
"95","4646","60"
"156","2073","82"
"264","762","59"
"66","2214","98"
"84","3321","43"
"180","524","79"
"245","3103","41"
"264","4270","93"
"298","3547","63"
"294","3355","65"
"243","1666","3"
"125","2569","14"
"1","862","37"
"184","219","7"
"329","2629","44"
"116","225","59"
"332","2240","69"
"199","1910","81"
"85","1084","94"
"128","2136","69"
"40","2644","63"
"65","2714","44"
"16","1322","73"
"78","3883","2"
"63","1439","68"
"177","4382","33"
"9","1682","40"
"90","1212","15"
"306","3366","53"
"51","742","99"
"187","4813","79"
"293","3782","68"
"164","4055","44"
"316","1800","46"
"179","4557","8"
"234","3634","40"
"99","3484","61"
"6","3648","19"
"249","1368","69"
"140","3203","66"
"105","3103","76"
"134","162","40"
"288","3371","54"
"68","156","68"
"273","128","46"
"3","549","72"
"149","4322","88"
"262","4026","14"
"226","432","47"
"260","1701","28"
"327","489","27"
"176","1601","15"
"27","2632","22"
"148","370","63"
"148","1844","81"
"40","2327","12"
"151","3882","1"
"22","1916","24"
"198","3297","12"
"301","1323","30"
"82","239","68"
"230","4482","6"
"73","3057","91"
"152","4902","52"
"327","3784","59"
"13","1730","10"
"181","4017","70"
"98","3528","100"
"107","663","85"
"315","1538","15"
"272","3546","97"
"46","2037","19"
"66","3629","47"
"147","4244","29"
"318","4637","18"
"140","4409","33"
"322","2225","9"
"282","3382","93"
"298","624","51"
"282","2943","26"
"136","4805","48"
"175","1455","57"
"46","2571","75"
"48","2101","11"
"303","2683","12"
"3","1757","52"
"285","2945","32"
"76","3440","58"
"175","3289","61"
"12","4537","94"
"200","556","1"
"42","273","100"
"219","3053","9"
"174","921","66"
"158","4388","4"
"184","684","44"
"133","1199","2"
"123","3052","85"
"138","1305","16"
"231","4064","9"
"278","4683","44"
"160","1613","39"
"220","4156","38"
"299","28","20"
"189","3520","50"
"119","3098","48"
"12","1729","82"
"214","2237","100"
"127","3512","3"
"87","2222","27"
"62","4752","60"
"193","540","12"
"282","4116","80"
"122","4985","88"
"263","339","75"
"289","4595","43"
"144","4462","50"
"240","2027","18"
"258","4163","22"
"202","2884","88"
"74","4254","36"
"219","3251","39"
"241","1911","15"
"155","4271","78"
"188","1782","90"
"168","1561","60"
"22","3408","76"
"305","1061","58"
"37","4983","20"
"185","1418","45"
"222","810","66"
"178","4529","61"
"74","3403","35"
"215","1684","21"
"226","3391","21"
"83","1290","19"
"278","3111","68"
"2","3124","84"
"87","1707","17"
"210","4074","23"
"122","1136","12"
"15","2916","2"
"99","947","81"
"68","996","88"
"132","27","46"
"148","1182","65"
"283","3106","66"
"147","4619","63"
"62","1120","58"
"28","4226","43"
"243","4104","35"
"199","3023","61"
"172","4935","89"
"219","2524","71"
"23","1872","30"
"261","4478","9"
"258","1430","71"
"64","4500","87"
"77","1075","65"
"1","1142","75"
"85","3483","78"
"226","3497","41"
"305","4646","51"
"83","1842","17"
"81","3937","95"
"212","2586","94"
"314","3770","13"
"90","4392","38"
"309","4161","61"
"193","3354","64"
"164","4787","71"
"139","3542","12"
"91","4267","43"
"249","4459","25"
"58","4178","50"
"228","367","72"
"306","2733","68"
"29","4591","31"
"165","442","28"
"159","2445","100"
"56","224","30"
"175","3595","97"
"209","1273","83"
"262","2143","75"
"77","4807","80"
"8","4354","7"
"295","1405","29"
"79","2436","51"
"306","1452","74"
"204","548","48"
"208","3257","35"
"109","2354","81"
"4","1862","23"
"280","1452","67"
"290","3522","75"
"14","1045","93"
"233","2160","69"
"44","1495","22"
"170","1199","74"
"175","1326","15"
"301","2281","82"
"173","2524","64"
"270","4091","47"
"145","2820","60"
"246","990","81"
"251","4966","98"
"283","1953","93"
"254","240","19"
"15","4948","36"
"210","1335","45"
"228","1667","10"
"248","2850","35"
"37","2414","43"
"157","1287","19"
"36","4476","29"
"324","2349","46"
"2","1768","42"
"212","3015","24"
"165","598","12"
"274","4337","70"
"295","516","75"
"221","30","14"
"312","2959","81"
"178","919","75"
"187","38","62"
"42","3120","99"
"155","2531","80"
"51","1937","14"
"165","4207","58"
"115","674","61"
"94","1633","67"
"179","1731","60"
"39","778","74"
"249","869","12"
"283","1505","96"
"191","1796","3"
"261","1635","79"
"77","1625","10"
"238","703","49"
"88","1595","55"
"186","35","56"
"6","4833","13"
"152","4910","52"
"280","1829","79"
"95","4749","18"
"40","4143","35"
"126","2595","70"
"232","355","70"
"262","527","45"
"233","661","24"
"306","1081","20"
"231","2390","65"
"164","4749","14"
"90","4342","74"
"90","3510","85"
"175","1847","96"
"274","1642","59"
"8","2305","42"
"330","3602","82"
"173","209","35"
"122","683","68"
"171","4186","84"
"237","1099","87"
"56","4613","54"
"57","3963","48"
"271","3476","25"
"311","3549","100"
"320","22","20"
"115","3192","48"
"165","141","73"
"271","2114","51"
"179","2147","57"
"307","1212","88"
"103","3348","64"
"283","56","100"
"45","1091","16"
"110","3606","46"
"124","3145","48"
"303","4565","51"
"50","3828","24"
"177","4770","21"
"281","3753","85"
"300","1715","34"
"269","4006","39"
"39","4391","12"
"67","4928","62"
"91","3591","45"
"43","455","54"
"246","979","22"
"321","1632","6"
"218","1343","38"
"151","2989","12"
"112","3642","35"
"55","1594","19"
"17","3707","43"
"313","91","29"
"158","3587","61"
"181","4939","16"
"262","2656","49"
"97","2331","18"
"186","2117","71"
"11","2962","63"
"174","2656","88"
"159","1062","20"
"201","1061","10"
"204","216","88"
"12","4884","47"
"66","3900","24"
"301","1001","4"
"162","4906","89"
"27","4514","76"
"315","2706","23"
"63","3305","79"
"10","2151","73"
"70","4325","52"
"209","2459","7"
"299","2754","49"
"208","4408","13"
"299","1020","35"
"239","916","100"
"151","788","31"
"163","1231","48"
"81","1647","47"
"98","3580","19"
"156","2598","52"
"85","1868","5"
"173","2701","20"
"140","2345","59"
"32","4036","75"
"304","2120","8"
"78","3850","59"
"287","3330","39"
"131","1959","27"
"261","4914","55"
"81","3631","33"
"295","3530","100"
"200","1668","50"
"290","4941","18"
"130","2729","40"
"22","4783","57"
"188","2394","15"
"1","4795","49"
"240","4947","85"
"144","2393","71"
"27","2237","46"
"10","1286","98"
"83","742","77"
"23","357","60"
"60","4853","15"
"203","3109","48"
"310","1444","15"
"257","3990","10"
"233","3755","81"
"306","4625","57"
"197","3870","85"
"327","1539","61"
"275","2816","21"
"192","4826","75"
"3","3228","96"
"298","2861","34"
"113","882","34"
"295","4202","8"
"297","2291","13"
"293","4156","97"
"96","1085","7"
"308","4539","87"
"33","452","81"
"260","2635","2"
"75","4497","51"
"242","4077","57"
"260","1592","3"
"208","3813","56"
"215","1927","83"
"290","2829","54"
"189","4292","51"
"20","1","11"
"195","3716","71"
"190","3506","67"
"150","3241","53"
"259","3273","13"
"290","1669","64"
"269","54","76"
"124","4727","33"
"123","355","77"
"216","1284","8"
"84","205","3"
"236","2888","74"
"121","1444","32"
"121","973","86"
"246","3956","52"
"42","1412","94"
"307","4349","3"
"200","2179","80"
"73","4962","96"
"87","815","32"
"316","4941","1"
"96","1308","11"
"53","4274","2"
"191","299","74"
"212","4051","22"
"248","1022","91"
"51","1852","60"
"243","2636","100"
"216","1942","38"
"76","1762","29"
"330","3051","99"
"299","1435","82"
"243","3150","91"
"63","4764","49"
"238","3835","5"
"202","3614","84"
"223","612","17"
"286","4710","35"
"246","1054","81"
"158","749","48"
"212","591","47"
"254","4022","87"
"1","1480","49"
"179","862","71"
"226","1589","84"
"101","3972","31"
"171","3546","60"
"224","2074","31"
"309","2965","68"
"60","4716","52"
"261","3908","66"
"41","2835","83"
"146","3411","55"
"80","3325","71"
"276","2489","60"
"286","1147","19"
"73","4702","60"
"172","1947","76"
"214","3598","15"
"239","3451","46"
"218","550","51"
"39","1982","51"
"240","2706","70"
"319","3920","65"
"211","3870","8"
"49","1023","54"
"1","1512","53"
"155","349","70"
"235","4441","5"
"146","3521","77"
"27","1691","27"
"156","4556","61"
"4","4217","9"
"103","710","17"
"222","4499","2"
"296","2993","15"
"307","1278","17"
"130","2325","58"
"308","4041","52"
"51","2273","25"
"155","4665","23"
"243","3209","75"
"288","4008","93"
"60","4032","66"
"287","2934","10"
"250","3301","28"
"108","3970","85"
"244","4255","80"
"14","84","36"
"233","2246","1"
"186","4642","48"
"204","4894","92"
"318","690","31"
"14","3016","75"
"270","1803","57"
"309","2945","24"
"283","2022","26"
"226","2226","42"
"46","4235","13"
"5","4981","20"
"8","2049","21"
"121","4721","15"
"240","199","62"
"158","943","5"
"68","421","99"
"225","3283","1"
"202","4185","47"
"178","836","56"
"297","4861","80"
"80","2170","60"
"87","4178","87"
"40","4070","63"
"145","3266","68"
"68","3589","26"
"294","2640","52"
"316","4834","72"
"18","4754","49"
"133","3985","46"
"312","2131","26"
"175","3167","11"
"183","672","28"
"65","220","63"
"151","4117","37"
"201","3387","12"
"237","3866","86"
"52","3558","83"
"50","580","61"
"158","3669","75"
"86","3403","36"
"264","2181","86"
"230","2224","98"
"321","4565","35"
"171","4952","12"
"310","144","31"
"38","4263","6"
"219","107","50"
"332","785","76"
"155","3349","69"
"17","3680","29"
"328","3180","93"
"125","3065","45"
"121","312","100"
"2","1615","72"
"259","1461","69"
"259","4668","77"
"311","1561","4"
"148","703","33"
"174","4098","93"
"55","2520","15"
"318","4790","40"
"218","183","90"
"135","1741","54"
"266","1030","48"
"90","698","63"
"297","1929","34"
"161","645","73"
"168","1399","4"
"297","3898","99"
"31","315","1"
"303","2420","85"
"29","1212","26"
"265","3487","20"
"88","886","78"
"206","2321","81"
"71","4788","28"
"110","3210","52"
"239","755","9"
"102","2434","25"
"80","2035","26"
"137","2659","49"
"1","3741","35"
"135","1676","7"
"51","3120","44"
"259","1873","82"
"83","49","87"
"265","426","28"
"110","3899","88"
"214","3773","87"
"118","1190","12"
"287","2956","89"
"28","3652","35"
"239","523","66"
"12","4551","73"
"176","4031","92"
"146","2173","12"
"250","4820","48"
"172","285","54"
"274","954","74"
"159","4637","20"
"58","221","87"
"234","4555","43"
"212","1198","19"
"11","853","59"
"101","2112","49"
"257","289","75"
"114","4956","93"
"23","2304","44"
"41","2817","54"
"165","542","38"
"205","1791","36"
"33","1402","31"
"318","1340","48"
"97","59","58"
"310","1192","53"
"166","3815","30"
"111","1357","95"
"155","3639","30"
"294","1831","82"
"284","4274","31"
"61","3754","59"
"247","2215","80"
"319","1701","2"
"330","4770","73"
"316","1696","93"
"48","2595","79"
"266","4399","15"
"310","1993","90"
"45","3298","4"
"67","4503","41"
"228","3266","43"
"212","1571","97"
"319","1516","23"
"175","3386","64"
"225","2827","23"
"110","3816","56"
"254","3024","100"
"116","418","45"
"151","3402","75"
"37","3830","57"
"80","3163","24"
"106","658","41"
"226","3600","87"
"158","966","7"
"101","2182","96"
"114","4628","74"
"161","648","21"
"266","1796","23"
"22","3220","81"
"106","3417","49"
"142","665","52"
"76","3862","95"
"55","2168","67"
"203","795","3"
"270","4728","42"
"213","2052","53"
"43","982","83"
"190","4169","19"
"154","1161","50"
"230","450","38"
"223","4923","95"
"303","2342","31"
"222","385","95"
"260","3209","83"
"213","3655","36"
"280","2174","43"
"39","195","56"
"163","2245","84"
"290","1837","65"
"207","2910","44"
"229","610","18"
"26","2607","90"
"87","3965","81"
"11","4990","46"
"299","2916","73"
"187","2858","82"
"50","2968","36"
"274","1411","72"
"234","3224","55"
"156","252","25"
"251","1407","25"
"34","3497","71"
"190","1327","34"
"186","1043","82"
"78","2327","75"
"222","1386","29"
"175","4557","57"
"182","2320","74"
"320","3073","65"
"162","2159","53"
"31","3675","1"
"124","1797","6"
"202","3703","23"
"42","3428","57"
"188","2557","38"
"96","3293","51"
"232","4052","26"
"29","2204","83"
"256","1872","98"
"86","2172","43"
"74","2852","62"
"103","162","18"
"278","195","83"
"134","93","88"
"104","4813","47"
"264","1141","98"
"101","3177","71"
"284","4530","72"
"263","254","59"
"276","2830","71"
"222","3704","40"
"288","823","57"
"122","123","93"
"239","555","22"
"213","509","4"
"105","3241","26"
"316","4663","22"
"11","4333","14"
"217","2792","41"
"103","3744","73"
"234","3437","81"
"100","2089","97"
"113","4065","39"
"198","2759","99"
"87","4410","11"
"149","3127","87"
"53","4167","9"
"18","2375","24"
"312","1071","90"
"83","1075","78"
"319","4860","40"
"217","261","74"
"212","4427","21"
"272","4902","94"
"186","3223","36"
"39","1068","99"
"55","2001","42"
"201","3649","31"
"167","2481","1"
"282","2495","64"
"79","2299","26"
"66","3992","15"
"205","4071","61"
"31","3808","71"
"269","1827","43"
"54","4180","86"
"66","3366","43"
"108","4890","20"
"278","3116","14"
"181","1861","69"
"125","3394","51"
"165","1946","44"
"46","2676","78"
"114","3583","46"
"9","1776","2"
"93","592","54"
"171","652","32"
"218","1963","43"
"280","233","77"
"283","770","62"
"313","4068","8"
"86","3205","7"
"233","4841","65"
"243","365","57"
"10","3606","41"
"85","59","58"
"157","4154","95"
"257","1572","52"
"143","3166","1"
"189","3664","80"
"301","1630","78"
"228","3119","14"
"298","4951","64"
"209","1179","91"
"236","3502","40"
"167","873","62"
"81","133","73"
"4","1552","56"
"21","2739","83"
"173","4957","2"
"91","352","74"
"90","954","51"
"58","3484","86"
"60","1714","25"
"48","4031","6"
"123","1016","34"
"300","2593","39"
"240","3240","57"
"318","2582","18"
"143","2119","33"
"113","753","51"
"76","4626","74"
"178","27","67"
"324","2939","53"
"106","1708","65"
"132","2634","89"
"234","3679","34"
"83","2961","95"
"278","3824","5"
"143","2963","46"
"125","2599","43"
"255","4970","52"
"5","290","66"
"101","3677","43"
"302","1546","83"
"286","1604","70"
"332","3091","62"
"87","830","23"
"272","1204","30"
"187","4309","58"
"241","372","83"
"171","1612","70"
"74","4375","82"
"54","2244","6"
"98","1547","4"
"179","4617","51"
"232","3294","8"
"163","3506","55"
"173","2018","43"
"138","2842","73"
"164","3506","53"
"110","3600","88"
"263","2380","40"
"319","289","36"
"170","4264","18"
"327","1039","83"
"319","1911","14"
"258","4706","97"
"24","1792","41"
"136","4493","84"
"62","469","5"
"109","28","44"
"289","2685","5"
"296","4758","23"
"66","1735","63"
"175","584","74"
"307","2721","98"
"40","2218","61"
"231","4116","9"
"56","3209","10"
"326","2775","100"
"232","3902","15"
"236","3245","12"
"124","817","19"
"331","3641","91"
"238","3003","92"
"267","4938","54"
"229","4607","20"
"54","723","52"
"103","2316","1"
"202","4928","41"
"187","2040","44"
"314","847","83"
"221","2703","2"
"185","851","17"
"161","3152","92"
"7","1000","99"
"268","3847","75"
"289","4585","81"
"228","700","48"
"253","2284","99"
"242","4732","3"
"224","4821","28"
"132","500","27"
"196","3854","48"
"111","2814","32"
"5","4497","100"
"78","273","78"
"221","3542","84"
"184","2935","11"
"311","846","93"
"35","753","52"
"0","2494","35"
"232","3598","63"
"81","2322","22"
"294","4349","65"
"267","1003","11"
"154","1310","66"
"59","1596","16"
"186","2668","34"
"15","604","13"
"313","4351","100"
"238","4338","4"
"75","4708","51"
"221","1718","35"
"13","1723","2"
"326","1690","54"
"86","2912","29"
"296","473","89"
"286","116","31"
"195","4032","35"
"287","3430","27"
"165","3104","7"
"152","3370","13"
"147","2074","47"
"244","2291","16"
"299","3834","15"
"9","420","19"
"136","4622","17"
"54","4466","2"
"217","4218","8"
"86","828","52"
"162","799","33"
"143","3991","5"
"195","624","20"
"297","2404","22"
"98","3298","17"
"66","4067","65"
"134","3636","63"
"171","313","1"
"138","503","65"
"144","265","77"
"192","2547","31"
"172","1975","80"
"6","3339","83"
"301","2522","5"
"6","1097","29"
"174","938","34"
"320","1299","34"
"97","3724","3"
"165","254","87"
"149","1493","48"
"285","704","1"
"237","2347","76"
"252","2978","48"
"144","636","64"
"3","2284","14"
"28","2640","37"
"29","3063","62"
"115","3642","54"
"40","371","55"
"287","3285","39"
"117","1242","42"
"226","3628","55"
"274","939","27"
"214","2132","71"
"286","4892","83"
"250","1443","52"
"264","4349","93"
"269","3847","87"
"182","2458","29"
"180","4482","71"
"74","1402","59"
"135","144","66"
"31","3935","35"
"274","3148","29"
"262","3536","21"
"320","368","45"
"15","4534","32"
"17","1947","42"
"97","1118","52"
"283","3174","86"
"314","3406","38"
"120","4708","35"
"24","1737","9"
"158","1540","99"
"90","2159","7"
"221","1880","20"
"174","797","71"
"250","351","45"
"276","2360","2"
"248","4917","79"
"33","1510","1"
"328","2966","83"
"46","2091","31"
"283","3884","82"
"182","4289","73"
"57","2545","85"
"204","1901","28"
"100","1379","30"
"31","2732","81"
"124","1885","52"
"87","4710","39"
"76","3920","64"
"141","572","46"
"143","3920","99"
"180","2188","42"
"199","3169","1"
"75","3498","1"
"101","2288","77"
"141","428","5"
"96","1306","35"
"275","3277","70"
"46","2109","8"
"185","4994","48"
"147","2567","1"
"224","2298","48"
"77","2134","56"
"163","211","44"
"125","2032","55"
"55","207","93"
"40","507","70"
"3","1425","69"
"328","774","23"
"2","4821","41"
"286","1250","10"
"201","3549","66"
"122","19","17"
"62","3885","16"
"231","3436","49"
"61","2526","98"
"3","1830","94"
"137","3940","86"
"216","4639","48"
"252","3759","77"
"254","3994","64"
"90","2221","15"
"239","938","79"
"310","8","96"
"70","4753","73"
"99","4028","58"
"206","3719","12"
"16","165","91"
"55","103","22"
"147","1694","35"
"230","3532","17"
"10","4952","30"
"224","4441","3"
"322","4575","44"
"145","3965","63"
"10","3286","40"
"160","970","28"
"37","4229","46"
"301","3037","37"
"84","3633","71"
"233","3803","19"
"102","1511","34"
"220","4393","36"
"112","768","23"
"293","3934","1"
"86","2024","40"
"82","3811","93"
"2","1192","68"
"29","4207","52"
"320","4886","45"
"154","2946","48"
"44","4213","20"
"325","4393","84"
"64","3143","68"
"37","1137","45"
"204","3799","32"
"307","94","13"
"282","1414","23"
"256","444","72"
"65","3022","10"
"239","1093","83"
"226","3856","36"
"119","1289","9"
"9","1902","15"
"39","4891","84"
"20","4913","63"
"186","3843","17"
"10","1915","56"
"3","2368","22"
"86","3200","8"
"271","1569","11"
"102","1767","100"
"191","4271","98"
"4","564","88"
"299","2457","11"
"302","999","81"
"193","4114","11"
"232","1285","17"
"185","2161","66"
"59","4270","20"
"257","770","48"
"272","1515","46"
"209","1069","43"
"305","1502","28"
"217","4173","52"
"96","4194","61"
"289","4676","89"
"177","3693","23"
"100","3900","89"
"199","4733","79"
"328","325","80"
"46","1657","70"
"107","1047","96"
"269","3220","95"
"105","374","49"
"261","3211","17"
"68","1328","62"
"217","2541","35"
"115","1305","4"
"254","2379","20"
"332","2292","52"
"135","3961","7"
"295","2216","72"
"202","3616","59"
"79","1712","98"
"131","3263","3"
"55","1221","60"
"321","3915","73"
"263","2251","66"
"24","178","35"
"324","4254","60"
"7","308","97"
"42","4418","43"
"36","3031","72"
"260","1013","93"
"134","1357","20"
"122","4526","99"
"41","1281","78"
"213","1110","64"
"209","1600","4"
"184","3269","58"
"231","3546","42"
"61","2917","92"
"116","2562","75"
"59","1157","36"
"12","4509","48"
"271","3862","97"
"317","93","70"
"261","1998","73"
"173","2830","24"
"8","3767","14"
"65","2453","25"
"132","1055","16"
"203","4101","82"
"168","4430","29"
"332","2979","87"
"167","2484","56"
"72","2134","27"
"74","994","69"
"142","999","7"
"307","4205","33"
"262","879","18"
"313","1413","26"
"332","1336","35"
"230","4426","68"
"74","2265","30"
"34","3893","15"
"40","1231","75"
"51","851","59"
"296","993","90"
"193","2736","18"
"211","3636","3"
"298","4447","83"
"159","4517","51"
"198","638","72"
"310","3115","50"
"259","117","31"
"211","1078","42"
"84","881","54"
"311","1821","10"
"169","1674","47"
"184","1626","34"
"244","4249","97"
"144","3122","19"
"19","3224","87"
"299","1091","57"
"93","4101","83"
"65","384","45"
"291","3331","7"
"151","19","57"
"5","2403","67"
"307","3656","53"
"163","645","97"
"279","898","17"
"75","580","71"
"306","757","96"
"106","3658","10"
"114","2583","44"
"63","2464","2"
"78","727","50"
"290","4753","62"
"90","3642","41"
"244","2076","44"
"259","1962","43"
"161","2289","12"
"180","251","16"
"56","225","93"
"143","2145","95"
"222","2335","56"
"8","2359","94"
"26","2738","43"
"289","594","98"
"229","644","49"
"329","2765","34"
"72","2502","36"
"41","3110","93"
"171","2767","42"
"331","2336","22"
"33","1080","9"
"106","4142","39"
"210","2674","80"
"202","662","66"
"102","2785","76"
"63","3642","72"
"298","3235","84"
"296","2277","43"
"234","3184","27"
"267","2061","59"
"186","1331","46"
"132","2232","26"
"245","3718","10"
"108","2267","81"
"54","2190","79"
"256","4977","82"
"185","1933","46"
"41","75","27"
"300","2899","86"
"124","2010","75"
"154","3967","63"
"307","3868","69"
"231","1552","22"
"84","4279","54"
"155","589","10"
"213","1895","20"
"12","60","47"
"274","4898","20"
"194","2476","81"
"285","4935","58"
"53","2059","78"
"167","3801","52"
"114","15","42"
"26","1465","70"
"207","4271","100"
"127","1146","99"
"253","322","82"
"13","513","50"
"315","4926","28"
"135","2191","33"
"293","2587","51"
"49","4840","58"
"95","4589","97"
"67","4404","92"
"123","2925","97"
"49","2683","34"
"61","4502","83"
"58","3076","8"
"199","3477","21"
"168","4404","82"
"157","4541","75"
"216","4502","77"
"100","1840","14"
"75","4417","97"
"229","642","15"
"332","847","29"
"178","636","7"
"88","232","70"
"54","1211","89"
"19","4276","4"
"155","856","73"
"189","75","47"
"84","1344","5"
"147","3749","58"
"34","647","47"
"44","177","67"
"77","3701","32"
"98","3667","3"
"28","3219","55"
"7","3718","28"
"213","3463","79"
"217","1125","38"
"122","561","64"
"9","137","20"
"55","816","87"
"216","3905","54"
"166","3953","42"
"100","4961","14"
"227","4671","19"
"42","4672","88"
"250","1254","13"
"93","3432","96"
"249","2203","46"
"267","4064","6"
"104","2047","56"
"121","1178","94"
"7","1046","62"
"195","1312","82"
"222","168","67"
"54","3772","92"
"190","108","99"
"291","1682","96"
"8","1413","8"
"297","4950","1"
"66","826","50"
"87","875","11"
"332","4188","1"
"29","288","19"
"246","1146","73"
"194","2360","96"
"281","3414","33"
"143","1709","86"
"193","3914","54"
"140","1462","44"
"113","3567","4"
"228","2425","67"
"279","969","76"
"306","444","79"
"60","3574","94"
"111","2601","1"
"11","228","21"
"165","798","53"
"311","1788","38"
"329","2800","12"
"184","2059","44"
"188","2267","84"
"24","441","91"
"22","4793","73"
"36","3622","52"
"256","2605","53"
"244","2668","39"
"9","1282","87"
"271","3151","62"
"239","4869","80"
"211","3969","18"
"247","529","81"
"88","1587","41"
"185","4399","25"
"66","4461","21"
"186","1329","63"
"42","1620","90"
"41","4395","79"
"231","3542","6"
"65","4055","17"
"282","4740","21"
"48","2098","20"
"243","1256","66"
"175","3536","53"
"165","2286","43"
"116","3156","21"
"17","638","96"
"31","4159","28"
"298","3284","91"
"139","754","85"
"24","1911","83"
"322","3181","99"
"42","3037","92"
"279","3411","94"
"87","4961","54"
"104","3066","25"
"16","4317","2"
"59","858","91"
"176","3063","60"
"7","1279","16"
"254","7","76"
"90","4230","14"
"177","1601","9"
"239","12","34"
"240","4962","59"
"280","3012","39"
"167","3066","81"
"191","1338","76"
"152","4810","50"
"282","1046","46"
"24","3922","46"
"167","82","35"
"33","2533","3"
"225","2123","89"
"12","923","26"
"50","3676","39"
"149","4397","84"
"134","3037","4"
"60","4819","29"
"309","3287","37"
"97","4073","46"
"267","1108","90"
"93","2175","100"
"55","351","84"
"165","3755","47"
"182","4287","63"
"27","35","67"
"242","1221","96"
"46","1379","72"
"324","3448","75"
"53","3332","63"
"97","3509","66"
"240","1639","59"
"84","3097","86"
"130","2992","51"
"300","3735","94"
"312","3842","88"
"243","2462","60"
"35","3029","24"
"306","3155","8"
"238","2112","99"
"59","4171","51"
"26","3547","100"
"7","564","89"
"190","186","53"
"139","2767","62"
"100","3282","65"
"16","1565","100"
"206","1105","20"
"38","700","29"
"102","2194","85"
"202","169","73"
"210","1997","72"
"55","865","63"
"271","3373","85"
"243","2952","7"
"159","532","78"
"185","1987","62"
"59","817","22"
"258","67","19"
"202","242","42"
"137","4804","5"
"114","3263","94"
"276","2994","63"
"326","1649","50"
"90","3010","99"
"170","4837","97"
"332","657","75"
"6","2465","52"
"304","3411","65"
"214","1501","71"
"195","2697","25"
"137","81","49"
"287","752","93"
"101","1268","64"
"86","4980","72"
"299","2740","50"
"239","3593","38"
"259","4988","26"
"273","372","3"
"199","3801","16"
"293","1636","47"
"33","1168","41"
"50","3695","28"
"172","4371","51"
"125","3328","10"
"176","1647","9"
"190","171","26"
"60","2440","84"
"200","3376","27"
"326","3825","47"
"20","2193","28"
"222","1539","50"
"49","2896","57"
"145","1615","99"
"32","2820","12"
"279","2616","53"
"58","3123","6"
"58","2612","54"
"288","3635","18"
"59","2560","58"
"130","1107","26"
"146","2460","13"
"213","1785","59"
"179","4925","18"
"319","519","51"
"171","2195","38"
"150","3536","91"
"59","1127","49"
"103","4297","27"
"213","3037","13"
"40","700","19"
"12","3919","3"
"60","4778","22"
"153","1717","54"
"227","1492","2"
"303","745","5"
"238","1253","47"
"120","3443","41"
"288","1849","20"
"66","4675","73"
"173","1289","25"
"228","3694","31"
"67","2314","99"
"291","2439","18"
"323","4558","53"
"54","3093","80"
"49","1891","68"
"167","3842","90"
"32","1815","91"
"173","285","11"
"72","1626","30"
"295","1045","71"
"16","14","30"
"15","732","82"
"61","4833","1"
"268","4484","79"
"208","4294","66"
"181","1238","43"
"271","4319","99"
"152","2129","16"
"104","1639","33"
"94","2213","11"
"158","1172","89"
"324","187","7"
"15","36","22"
"206","2535","9"
"160","2513","23"
"59","4818","99"
"275","4657","48"
"292","2808","22"
"207","679","29"
"174","722","47"
"88","3329","46"
"211","691","51"
"71","1641","20"
"74","385","7"
"161","4040","10"
"114","3449","51"
"3","2027","18"
"29","4959","3"
"2","2008","46"
"159","5","27"
"151","1234","13"
"198","4086","75"
"65","4582","32"
"185","716","8"
"132","3399","14"
"268","3706","86"
"63","2815","49"
"225","1620","76"
"145","4894","75"
"92","3690","9"
"272","269","39"
"289","2728","29"
"66","3135","8"
"95","1762","8"
"323","3835","82"
"197","4300","97"
"71","1902","51"
"290","60","84"
"253","4030","86"
"131","2931","67"
"33","2080","12"
"145","3550","67"
"204","3764","97"
"208","2277","39"
"256","1858","27"
"147","339","35"
"148","4348","13"
"178","865","13"
"131","176","34"
"70","332","83"
"189","1839","73"
"186","943","98"
"46","4473","47"
"298","2590","93"
"36","584","43"
"240","2202","31"
"203","3532","5"
"200","4091","51"
"303","4553","46"
"61","3939","7"
"218","176","84"
"168","1447","46"
"102","2504","80"
"171","3829","27"
"277","1035","12"
"27","2697","51"
"196","2591","64"
"24","4368","35"
"165","2229","87"
"96","677","19"
"270","1616","89"
"3","2228","83"
"298","3097","79"
"181","1141","11"
"63","3958","95"
"182","710","51"
"182","788","69"
"112","2762","48"
"283","4974","2"
"82","1860","73"
"193","2500","1"
"37","1506","81"
"182","1844","29"
"80","2709","98"
"89","3838","34"
"105","435","99"
"96","2848","63"
"202","4121","20"
"108","2100","25"
"102","920","14"
"188","4401","42"
"73","2434","89"
"9","547","27"
"126","3142","81"
"263","2815","62"
"77","4184","6"
"37","3743","56"
"29","3196","32"
"197","2180","37"
"194","500","21"
"87","158","16"
"63","4264","27"
"85","1081","49"
"209","1142","25"
"218","3191","40"
"138","205","100"
"50","2063","30"
"187","2596","36"
"292","3952","7"
"163","2098","24"
"42","1008","7"
"202","4374","41"
"44","2984","29"
"285","3866","18"
"285","1212","63"
"325","370","16"
"67","4817","58"
"236","3454","28"
"89","4789","45"
"159","2616","45"
"202","2345","80"
"206","378","31"
"251","2508","82"
"109","664","84"
"104","2744","35"
"265","1001","81"
"134","3035","31"
"316","4092","76"
"93","2589","69"
"243","3495","89"
"59","2611","30"
"30","2035","88"
"110","2353","76"
"242","614","81"
"274","574","51"
"240","2751","55"
"75","3090","60"
"166","4734","32"
"134","3433","100"
"330","4784","24"
"135","4223","35"
"104","4808","35"
"5","813","1"
"116","4952","1"
"101","3898","51"
"263","4632","70"
"121","684","60"
"220","4997","33"
"326","790","92"
"54","4691","88"
"233","2613","9"
"185","234","95"
"168","1083","26"
"193","1453","71"
"78","1429","16"
"44","926","78"
"224","424","51"
"256","3783","92"
"29","2422","34"
"163","188","12"
"6","351","11"
"43","2429","85"
"191","642","54"
"84","98","59"
"211","3089","46"
"212","3778","85"
"231","2007","46"
"199","2462","56"
"139","2951","61"
"319","3846","82"
"127","1718","75"
"160","3851","90"
"101","1319","41"
"170","65","3"
"132","4360","32"
"314","609","41"
"258","4917","48"
"108","1409","1"
"273","4157","91"
"180","3266","53"
"45","3177","57"
"168","1941","72"
"241","3193","61"
"63","3288","21"
"19","4624","16"
"1","655","51"
"190","107","67"
"260","2409","34"
"201","2688","52"
"12","4743","84"
"87","1234","53"
"113","4085","9"
"287","4563","74"
"265","2485","91"
"253","978","90"
"203","4071","34"
"248","490","58"
"125","3317","27"
"169","642","77"
"132","4537","9"
"123","1853","47"
"126","4648","48"
"47","2734","36"
"105","3910","64"
"33","4153","72"
"279","2192","64"
"56","1403","75"
"303","3939","46"
"282","3179","61"
"286","3871","20"
"316","1942","43"
"124","1759","68"
"3","531","3"
"68","2311","24"
"212","2742","34"
"221","1115","31"
"94","3614","89"
"141","4831","80"
"54","557","89"
"145","1714","99"
"293","1682","64"
"7","132","59"
"294","4553","75"
"55","4094","75"
"63","583","32"
"107","2132","36"
"77","1193","32"
"87","3622","58"
"133","2131","7"
"151","2396","10"
"73","1496","40"
"241","3258","95"
"201","311","18"
"188","1409","77"
"175","1869","96"
"310","3924","50"
"128","2121","16"
"149","2584","96"
"129","2702","16"
"301","1736","41"
"175","210","36"
"120","130","64"
"314","530","36"
"127","4192","53"
"283","3692","66"
"157","3210","54"
"217","243","34"
"127","3525","6"
"140","3040","1"
"176","1909","6"
"147","2875","6"
"198","2205","56"
"136","3677","70"
"274","2017","94"
"194","3469","27"
"183","794","69"
"104","728","43"
"115","759","42"
"150","883","65"
"187","3260","90"
"20","4685","73"
"141","2161","68"
"163","2714","48"
"213","4946","37"
"9","3983","2"
"0","1423","36"
"163","921","83"
"140","63","27"
"296","1024","91"
"231","1800","100"
"61","3295","22"
"115","329","34"
"133","659","99"
"108","521","85"
"227","2292","10"
"332","3737","8"
"207","944","100"
"266","1001","31"
"82","440","78"
"96","4587","35"
"197","4474","91"
"160","2167","34"
"192","1275","24"
"165","868","6"
"235","657","23"
"246","2609","20"
"22","501","80"
"148","80","46"
"241","1432","36"
"32","213","59"
"299","1288","3"
"98","1516","70"
"189","1383","78"
"212","2134","43"
"314","3537","13"
"25","2111","65"
"12","3527","78"
"133","3364","44"
"38","3842","98"
"18","4083","26"
"34","1720","48"
"100","4896","94"
"194","2930","71"
"320","1428","71"
"32","2989","12"
"236","3823","70"
"319","4128","54"
"70","1212","91"
"200","2064","38"
"188","1178","41"
"195","2544","92"
"311","4496","87"
"321","3374","83"
"255","3989","69"
"274","3044","1"
"4","2024","96"
"284","4706","26"
"296","1885","36"
"228","2715","73"
"11","4735","25"
"176","986","23"
"298","3438","15"
"259","3610","94"
"26","2239","32"
"13","4863","6"
"283","2158","2"
"188","3940","56"
"57","4223","76"
"318","372","26"
"308","2842","20"
"178","2808","80"
"330","1991","81"
"27","342","57"
"302","1630","80"
"146","3951","33"
"114","1820","3"
"6","2248","44"
"261","3173","19"
"86","4611","11"
"172","650","60"
"5","4831","94"
"191","3067","13"
"313","1979","33"
"152","2089","51"
"160","4975","1"
"122","1847","96"
"324","4275","76"
"292","1218","51"
"36","1430","58"
"81","564","75"
"72","1865","75"
"71","4843","5"
"139","1724","70"
"320","3756","50"
"84","3486","45"
"137","1295","58"
"223","4914","65"
"112","3997","89"
"225","48","90"
"294","1157","34"
"326","3792","23"
"6","307","97"
"26","3086","40"
"84","4002","47"
"326","4628","66"
"84","1718","63"
"223","3061","39"
"34","1221","31"
"196","1198","8"
"153","2841","44"
"228","2641","44"
"62","1904","93"
"279","4837","90"
"226","1136","58"
"92","3396","49"
"162","2559","5"
"66","972","32"
"120","2420","75"
"147","4000","58"
"242","4392","12"
"96","4807","75"
"22","2232","98"
"5","3793","54"
"275","4507","35"
"189","2159","28"
"129","4548","14"
"199","114","64"
"10","1577","10"
"54","4767","76"
"156","3990","94"
"0","3564","49"
"102","4377","68"
"79","2327","44"
"4","1502","86"
"65","4273","44"
"104","1095","92"
"261","2930","29"
"318","2513","52"
"140","3727","98"
"223","2974","40"
"196","2230","94"
"132","2808","90"
"297","4899","92"
"65","3440","33"
"76","1487","56"
"178","45","61"
"328","2450","43"
"9","4595","74"
"254","153","57"
"38","3107","47"
"118","4006","97"
"133","4498","81"
"141","3896","52"
"47","3570","98"
"47","2649","74"
"253","3349","50"
"232","2988","23"
"331","3411","99"
"20","2022","4"
"56","2902","37"
"331","4723","95"
"249","2021","9"
"229","1998","41"
"260","2256","74"
"116","3391","11"
"150","1364","40"
"152","2624","74"
"22","2423","29"
"225","3824","75"
"245","3600","58"
"203","3664","39"
"12","3729","79"
"11","3013","44"
"259","4574","70"
"210","1290","61"
"37","3718","19"
"197","940","71"
"169","1513","71"
"207","3281","80"
"283","2676","41"
"100","4860","84"
"23","661","44"
"265","1136","74"
"18","2960","1"
"329","4914","90"
"118","1434","55"
"73","3119","88"
"278","517","79"
"18","2275","30"
"271","2726","25"
"154","2320","6"
"45","4395","20"
"330","4555","90"
"33","3282","37"
"22","814","20"
"25","2340","86"
"70","4369","96"
"52","4519","78"
"95","4805","48"
"244","2147","80"
"112","3260","44"
"281","1613","84"
"111","2419","78"
"127","3549","89"
"131","2530","8"
"199","340","5"
"208","1254","84"
"2","558","5"
"150","2076","8"
"290","2244","70"
"77","4134","94"
"235","4937","4"
"249","3429","73"
"117","4392","72"
"74","147","83"
"52","2532","92"
"247","209","63"
"78","1966","65"
"215","3009","71"
"192","3901","93"
"164","3485","11"
"181","4052","97"
"146","861","9"
"280","3859","7"
"280","4698","88"
"78","1145","89"
"192","2742","19"
"332","324","51"
"298","4058","76"
"130","2926","70"
"282","4720","63"
"68","4290","27"
"126","4249","5"
"298","659","84"
"203","1103","38"
"203","4029","63"
"28","2547","83"
"4","192","7"
"74","531","67"
"300","4447","80"
"130","1119","84"
"123","2053","76"
"289","4236","44"
"319","3849","99"
"186","4268","18"
"300","1245","63"
"43","1869","50"
"211","4210","18"
"100","498","85"
"293","3828","66"
"166","3913","4"
"245","616","47"
"300","3927","45"
"244","3766","12"
"79","99","23"
"227","95","76"
"7","2685","32"
"131","539","34"
"166","1962","35"
"175","3807","20"
"324","4262","97"
"146","1850","88"
"43","3646","46"
"98","3230","31"
"150","525","64"
"140","2054","48"
"236","3808","4"
"249","3668","65"
"255","3846","54"
"266","516","38"
"88","4042","98"
"295","3877","47"
"203","4744","56"
"18","1654","22"
"88","2224","79"
"114","524","45"
"277","2842","45"
"248","311","16"
"157","2157","53"
"0","4689","100"
"150","675","60"
"305","4478","92"
"143","851","30"
"188","225","64"
"133","1998","85"
"93","4705","90"
"294","642","57"
"169","2436","31"
"301","2517","79"
"68","3873","6"
"309","2162","53"
"158","3289","56"
"51","321","97"
"259","1708","17"
"297","488","16"
"81","1276","1"
"146","4096","40"
"188","4689","10"
"70","682","41"
"154","4803","95"
"310","695","81"
"73","2204","5"
"186","18","16"
"290","4535","63"
"195","3264","32"
"327","2020","26"
"77","597","35"
"250","4613","87"
"295","3962","33"
"35","3481","64"
"290","1894","25"
"46","2882","55"
"127","3061","51"
"122","4278","84"
"314","618","37"
"112","1767","46"
"329","4052","51"
"187","3823","96"
"212","26","40"
"262","3185","9"
"316","187","52"
"174","3064","53"
"289","3401","89"
"150","1602","53"
"315","1349","34"
"180","1564","95"
"110","2848","93"
"317","393","65"
"213","1828","65"
"231","1563","18"
"70","4529","31"
"192","1679","54"
"137","274","23"
"258","3386","28"
"38","789","3"
"114","3436","78"
"31","4812","62"
"72","3898","84"
"221","2776","65"
"301","535","18"
"117","2572","99"
"41","1123","77"
"139","3828","49"
"158","1958","30"
"114","2296","7"
"181","3618","53"
"257","2453","29"
"40","210","22"
"266","4408","11"
"307","4701","33"
"16","511","54"
"261","3768","74"
"190","196","42"
"325","4227","23"
"199","1163","23"
"163","2281","56"
"233","1723","99"
"222","3746","45"
"290","444","15"
"105","1536","80"
"68","2945","17"
"301","1545","50"
"240","1221","59"
"236","4090","42"
"300","2960","29"
"72","1847","75"
"156","2172","27"
"168","753","58"
"222","2767","89"
"68","1534","44"
"296","615","37"
"127","1499","23"
"180","2422","5"
"90","1850","87"
"115","94","61"
"9","322","11"
"199","4147","34"
"11","1416","60"
"116","705","38"
"262","1984","100"
"118","3981","63"
"85","3947","19"
"93","2167","78"
"134","1480","28"
"202","1432","94"
"4","4620","20"
"220","4926","40"
"158","73","8"
"243","2577","65"
"227","3152","96"
"3","2924","90"
"318","4477","26"
"239","1631","58"
"280","210","85"
"48","958","61"
"102","1358","10"
"324","3786","49"
"27","2461","4"
"118","4408","9"
"279","3539","16"
"325","734","98"
"140","1436","88"
"203","299","38"
"46","3524","16"
"12","1915","2"
"163","1164","73"
"89","4864","59"
"133","618","84"
"12","3435","53"
"141","4029","51"
"113","27","38"
"172","613","65"
"33","3713","38"
"118","1459","66"
"332","2600","8"
"81","4172","44"
"287","4634","52"
"237","3570","11"
"304","2208","26"
"200","1459","78"
"241","1393","2"
"110","994","43"
"309","921","92"
"158","4500","59"
"9","590","75"
"248","3149","70"
"35","1327","25"
"50","1228","2"
"114","1744","56"
"35","4301","25"
"108","1402","52"
"50","1853","34"
"160","1213","91"
"119","3518","41"
"292","3784","61"
"8","4517","89"
"74","3569","93"
"28","230","5"
"80","2476","79"
"31","2654","68"
"189","2601","38"
"246","380","22"
"93","2670","77"
"19","888","87"
"83","31","69"
"64","4376","43"
"90","1174","42"
"251","289","37"
"39","4900","49"
"16","4452","30"
"83","2678","93"
"238","135","17"
"37","3942","17"
"61","3321","74"
"173","2455","45"
"215","2428","93"
"169","109","77"
"289","4793","95"
"126","4449","66"
"117","4012","87"
"240","4893","69"
"162","2228","54"
"18","519","76"
"196","2009","38"
"215","1760","58"
"201","4568","58"
"239","4807","7"
"89","83","6"
"87","1368","79"
"232","4616","89"
"294","1185","49"
"182","2190","17"
"125","3","10"
"58","2051","89"
"275","3506","83"
"138","971","66"
"0","134","45"
"320","1061","20"
"29","3981","84"
"42","3563","67"
"240","4098","57"
"58","1418","46"
"111","4466","62"
"315","3651","33"
"165","1088","57"
"149","4931","70"
"298","1647","71"
"165","1039","44"
"266","1479","39"
"304","4239","48"
"88","3688","99"
"4","2801","11"
"295","1143","76"
"50","3222","11"
"202","1928","7"
"72","3829","31"
"111","3860","17"
"265","2057","82"
"236","1652","13"
"189","4895","34"
"229","4986","56"
"128","3020","88"
"102","2438","54"
"130","532","80"
"306","3838","7"
"192","3301","81"
"213","3996","59"
"332","3360","64"
"115","552","22"
"50","3556","17"
"140","3651","58"
"208","4105","57"
"133","4930","15"
"146","2753","13"
"326","490","69"
"243","4735","35"
"19","1871","68"
"14","2385","60"
"130","4144","11"
"323","4221","6"
"126","2277","19"
"306","2860","56"
"42","1770","24"
"89","1468","55"
"248","4452","61"
"63","2870","88"
"248","609","15"
"253","1731","64"
"329","792","38"
"19","4982","12"
"249","509","52"
"287","389","6"
"71","2678","47"
"232","2604","21"
"226","4829","95"
"44","602","31"
"311","1435","98"
"25","4695","90"
"266","1494","83"
"181","3248","31"
"79","4227","60"
"175","2034","12"
"56","647","63"
"63","3994","45"
"165","2490","75"
"314","528","9"
"42","2592","19"
"306","4424","51"
"113","1663","55"
"132","2134","98"
"45","4427","66"
"290","3509","32"
"246","3923","16"
"82","2292","23"
"175","4661","89"
"49","1921","71"
"260","3577","69"
"177","2540","63"
"196","1295","76"
"286","3912","35"
"156","136","25"
"258","2228","59"
"248","790","56"
"78","2879","21"
"183","2370","87"
"189","4330","11"
"38","4561","42"
"254","164","100"
"176","706","19"
"190","1871","27"
"255","422","44"
"92","4253","7"
"283","905","71"
"133","3249","32"
"158","3437","17"
"135","1308","15"
"101","1193","47"
"190","4010","60"
"200","4713","78"
"44","2111","39"
"199","3920","77"
"259","2027","13"
"201","3751","16"
"317","80","41"
"310","4409","84"
"170","2107","25"
"81","96","42"
"169","2572","9"
"15","1301","33"
"89","1865","27"
"43","4295","60"
"128","714","47"
"64","1387","40"
"193","963","36"
"28","4071","74"
"195","863","77"
"305","3383","86"
"167","1459","70"
"214","2341","2"
"137","3963","24"
"200","1219","33"
"51","1289","38"
"332","3286","69"
"323","2667","96"
"163","492","51"
"35","1536","96"
"157","2715","87"
"109","1492","49"
"28","3588","54"
"54","3667","48"
"163","796","70"
"124","449","27"
"239","2589","96"
"83","2775","62"
"50","2906","81"
"27","4241","22"
"216","3188","6"
"62","3824","95"
"212","1069","34"
"219","4273","19"
"304","120","78"
"108","410","36"
"327","1348","44"
"262","450","5"
"164","4371","92"
"256","4408","12"
"30","2262","46"
"120","3392","64"
"52","2647","59"
"319","3281","67"
"18","1833","41"
"212","2870","2"
"271","3866","4"
"34","4271","84"
"48","676","64"
"236","3755","100"
"43","2291","43"
"231","223","3"
"125","215","83"
"105","2081","35"
"176","2482","25"
"102","1877","66"
"312","823","42"
"180","1184","11"
"112","3398","98"
"115","1832","35"
"2","4454","74"
"214","1768","47"
"215","382","31"
"271","2245","91"
"110","3411","88"
"238","3225","47"
"238","2516","40"
"72","3881","50"
"303","4285","52"
"144","4637","19"
"268","2972","58"
"295","2000","71"
"59","4477","93"
"242","1393","79"
"265","3286","30"
"56","2515","29"
"104","3280","6"
"100","4111","20"
"121","2543","96"
"132","1920","60"
"71","3764","95"
"227","4761","32"
"96","1145","43"
"226","4442","21"
"311","3985","98"
"175","4786","27"
"275","922","7"
"259","4404","80"
"54","2788","14"
"256","1682","91"
"262","1946","63"
"229","3710","77"
"164","4702","28"
"300","2370","8"
"155","2337","17"
"201","4616","6"
"120","3601","30"
"207","2575","52"
"303","3781","80"
"47","3912","96"
"211","2709","39"
"278","3419","45"
"159","3182","58"
"102","3093","42"
"149","3311","54"
"273","1005","94"
"234","4784","82"
"259","2392","47"
"76","487","57"
"89","3325","6"
"39","4415","82"
"326","88","61"
"213","1218","94"
"203","4275","16"
"149","1663","70"
"206","3974","67"
"284","3737","70"
"328","1349","21"
"157","96","23"
"213","847","24"
"284","625","41"
"165","2434","48"
"308","4803","98"
"168","1950","36"
"227","867","7"
"240","2624","54"
"144","2646","16"
"296","2547","95"
"209","745","82"
"237","1910","69"
"85","4425","58"
"49","725","39"
"76","4492","31"
"312","3672","46"
"48","4394","44"
"308","556","70"
"84","4345","7"
"242","1773","91"
"130","660","5"
"110","2650","87"
"147","2911","32"
"183","3763","97"
"65","2169","95"
"55","1890","66"
"66","3975","46"
"3","1531","95"
"269","2378","32"
"137","3395","19"
"303","2411","42"
"89","1870","4"
"218","2362","72"
"185","554","41"
"208","41","47"
"185","3769","33"
"259","2330","3"
"116","90","32"
"206","638","91"
"153","1123","68"
"174","1352","19"
"13","2533","89"
"132","3896","57"
"55","2310","5"
"164","3636","25"
"327","1132","50"
"280","855","61"
"149","3388","61"
"157","2947","29"
"320","1151","6"
"25","3028","85"
"279","1544","23"
"243","363","79"
"69","2521","58"
"75","1787","34"
"293","869","27"
"189","2558","43"
"319","3505","39"
"117","1974","60"
"261","2995","34"
"262","4922","53"
"49","1645","59"
"184","3681","51"
"238","2913","43"
"71","974","62"
"37","3266","100"
"77","4557","71"
"314","4800","60"
"215","960","18"
"286","1079","61"
"162","4367","32"
"102","363","31"
"220","4164","69"
"186","1001","24"
"324","1989","83"
"174","3535","81"
"0","479","73"
"290","114","14"
"174","4953","78"
"26","4562","34"
"54","4549","55"
"205","1134","63"
"274","2421","92"
"321","3796","69"
"173","1461","7"
"233","551","54"
"106","3062","85"
"182","4672","88"
"249","873","84"
"23","3057","59"
"65","2392","57"
"184","2551","82"
"85","2397","70"
"187","656","18"
"228","4775","48"
"243","1564","97"
"221","3029","94"
"120","3907","89"
"222","712","78"
"36","3138","10"
"81","1593","1"
"137","4757","11"
"90","3449","53"
"195","3465","72"
"290","2646","31"
"225","4493","94"
"122","2255","76"
"252","108","69"
"104","586","34"
"126","3715","72"
"134","1153","13"
"39","3300","61"
"231","1127","36"
"304","3651","86"
"24","3830","61"
"264","3129","89"
"60","953","12"
"307","2647","4"
"39","757","90"
"171","1997","5"
"200","178","23"
"71","4369","54"
"162","1557","42"
"50","563","24"
"272","1752","81"
"209","3964","56"
"317","2248","99"
"133","2571","10"
"151","49","79"
"327","480","35"
"88","500","79"
"8","531","98"
"195","3675","15"
"83","4546","11"
"233","418","49"
"52","944","38"
"158","4327","98"
"163","670","57"
"164","4584","62"
"36","3935","14"
"140","3265","90"
"53","2091","15"
"98","2965","50"
"17","4904","61"
"251","3269","54"
"294","385","41"
"318","732","74"
"320","2740","82"
"153","3639","4"
"224","1911","79"
"277","3065","25"
"99","2178","28"
"203","4273","56"
"176","237","100"
"123","4076","10"
"168","4088","2"
"152","2314","51"
"182","1292","18"
"89","3406","41"
"285","109","10"
"303","2610","25"
"30","1567","34"
"27","1997","89"
"185","2507","30"
"164","4406","93"
"129","195","45"
"197","620","66"
"10","3354","12"
"159","4342","83"
"115","1914","27"
"260","1890","89"
"1","4340","49"
"207","2705","26"
"62","2147","26"
"93","1743","70"
"186","778","5"
"172","4926","60"
"181","579","25"
"169","4168","60"
"292","950","81"
"328","4408","30"
"100","2977","33"
"43","1080","48"
"108","1482","97"
"264","3068","7"
"229","2861","70"
"150","1073","69"
"50","2671","7"
"143","1230","59"
"231","4212","16"
"6","2112","82"
"227","4251","17"
"52","3732","67"
"243","3744","63"
"58","3945","14"
"132","3088","100"
"152","2408","57"
"146","3143","3"
"107","3228","72"
"245","413","73"
"135","4819","6"
"211","4048","92"
"98","734","3"
"66","339","9"
"100","3770","37"
"90","2583","45"
"24","4947","80"
"168","4598","84"
"50","3779","54"
"255","1976","47"
"224","3728","97"
"103","1925","5"
"230","921","89"
"199","1970","72"
"136","2499","64"
"174","2201","93"
"294","1525","14"
"314","3517","35"
"221","941","75"
"303","3671","55"
"9","2187","68"
"96","2554","13"
"46","3340","47"
"239","4110","86"
"230","2313","73"
"46","2874","89"
"165","1328","94"
"298","925","58"
"299","2381","36"
"140","4622","8"
"184","1846","3"
"239","83","21"
"49","4889","40"
"129","1538","61"
"114","277","49"
"25","4748","70"
"49","3816","35"
"319","1699","60"
"12","2958","50"
"77","3173","16"
"199","994","75"
"250","53","2"
"171","4584","38"
"261","3524","51"
"331","1204","56"
"245","4488","68"
"13","3433","19"
"120","4584","43"
"324","1726","79"
"242","46","84"
"35","3794","61"
"288","1158","100"
"130","3471","7"
"229","1035","89"
"56","1327","45"
"255","4425","54"
"76","4389","14"
"216","1504","79"
"146","1663","32"
"138","3553","19"
"290","1243","21"
"296","649","90"
"274","224","28"
"315","1868","23"
"243","3534","81"
"59","4102","4"
"159","1785","92"
"132","3236","83"
"69","613","25"
"203","4156","82"
"90","2105","73"
"151","576","62"
"120","2213","10"
"231","624","47"
"177","3578","78"
"314","1046","75"
"84","4667","27"
"89","1146","84"
"222","1556","43"
"134","265","25"
"95","2205","90"
"147","4937","97"
"51","1025","53"
"193","4126","22"
"278","3712","81"
"231","810","94"
"250","4737","11"
"235","1361","28"
"26","4027","18"
"208","3514","5"
"236","1608","15"
"152","3454","94"
"208","3436","73"
"97","3871","51"
"316","2784","77"
"260","3200","51"
"277","2809","36"
"36","2784","68"
"44","4904","88"
"197","695","83"
"128","732","11"
"124","3483","71"
"293","1234","14"
"11","2381","71"
"330","1568","71"
"189","2959","72"
"78","4761","43"
"137","4730","40"
"137","3057","81"
"221","4050","17"
"275","2844","7"
"169","3216","46"
"165","306","42"
"104","1061","99"
"113","2664","3"
"227","2549","15"
"186","1646","91"
"217","3094","59"
"228","1595","16"
"73","871","87"
"309","627","40"
"105","3600","48"
"73","4382","88"
"194","1131","72"
"173","4879","18"
"5","3104","75"
"36","1692","62"
"179","3250","45"
"270","4609","16"
"160","682","13"
"100","3581","93"
"2","2104","30"
"94","3294","66"
"219","4750","61"
"242","766","73"
"150","981","28"
"300","563","2"
"185","1685","78"
"325","132","34"
"33","1906","5"
"149","370","33"
"158","4617","90"
"289","2423","84"
"84","3673","12"
"62","4616","64"
"2","4852","73"
"1","12","58"
"32","606","17"
"179","4689","48"
"42","210","37"
"203","3477","24"
"8","1832","69"
"35","850","1"
"241","4574","31"
"107","4132","81"
"293","1397","70"
"3","1836","6"
"138","1473","17"
"240","4936","3"
"108","47","85"
"261","672","18"
"210","1514","47"
"73","3457","60"
"69","563","77"
"263","3624","82"
"184","1975","1"
"192","1561","9"
"86","4506","16"
"123","3537","88"
"19","2608","81"
"56","4675","22"
"146","3958","32"
"131","40","24"
"235","4838","3"
"285","381","97"
"196","867","74"
"254","406","44"
"262","100","51"
"22","1754","11"
"257","4692","75"
"287","1232","59"
"16","1677","78"
"104","322","59"
"277","2173","10"
"21","4229","81"
"61","2481","69"
"129","1768","78"
"245","4553","44"
"272","3361","50"
"97","3979","38"
"257","4551","12"
"43","2738","37"
"140","2638","47"
"120","4991","75"
"301","1529","69"
"243","646","75"
"331","3376","17"
"184","3416","20"
"298","3268","10"
"153","27","52"
"83","3511","87"
"145","260","45"
"153","4367","91"
"117","1002","51"
"288","475","57"
"215","383","94"
"99","4927","88"
"252","3258","89"
"164","1609","75"
"330","2389","95"
"181","1207","91"
"53","2573","14"
"276","4044","59"
"109","1284","82"
"308","1382","14"
"155","2584","90"
"258","4031","9"
"195","3195","51"
"174","192","85"
"45","1733","48"
"127","69","52"
"266","1881","38"
"51","750","39"
"153","693","16"
"194","599","16"
"139","3223","80"
"87","2488","48"
"66","2963","90"
"312","4331","68"
"133","523","16"
"315","3234","70"
"123","598","44"
"258","1626","75"
"86","4348","9"
"13","3522","30"
"168","252","34"
"316","572","93"
"111","1551","5"
"92","824","4"
"319","2145","15"
"198","4723","42"
"189","4304","19"
"328","4860","21"
"63","2435","53"
"61","4349","41"
"121","4024","23"
"250","2248","96"
"53","2294","66"
"53","4218","51"
"331","1050","25"
"143","1585","69"
"168","4835","89"
"288","422","60"
"34","1705","39"
"78","4747","57"
"223","1390","24"
"284","1267","80"
"186","802","41"
"75","2563","97"
"320","703","88"
"141","2813","13"
"290","793","2"
"84","3368","31"
"146","4608","77"
"302","2710","55"
"84","3982","75"
"272","178","52"
"212","4761","16"
"297","2524","84"
"247","2400","96"
"219","2055","83"
"35","3840","40"
"134","2460","46"
"180","3064","30"
"193","903","64"
"109","3224","87"
"34","4100","43"
"79","1429","39"
"324","2560","35"
"60","2986","26"
"76","369","69"
"165","880","43"
"232","2000","3"
"263","164","97"
"34","2206","32"
"227","1138","39"
"307","4837","31"
"274","2758","85"
"305","2829","96"
"237","4474","100"
"164","3809","46"
"115","1824","90"
"190","4856","63"
"259","3207","89"
"17","3894","26"
"37","589","99"
"77","3752","83"
"270","2827","51"
"203","4817","12"
"73","2107","95"
"265","4562","34"
"127","2706","58"
"97","500","32"
"162","1458","34"
"238","326","1"
"114","3117","87"
"204","1493","48"
"197","809","80"
"194","3701","13"
"265","2740","75"
"254","180","21"
"173","4318","16"
"36","2621","81"
"143","1322","7"
"242","4780","51"
"139","1421","25"
"317","3159","56"
"11","3123","69"
"148","3593","14"
"53","2369","40"
"38","380","8"
"272","3501","93"
"254","4383","4"
"330","101","66"
"92","529","12"
"84","2020","78"
"13","3079","73"
"268","2819","37"
"141","4483","89"
"9","4229","71"
"94","351","45"
"79","2289","91"
"166","3003","1"
"72","2496","56"
"265","4636","81"
"88","2466","30"
"151","4161","68"
"167","2225","10"
"164","510","9"
"138","3171","91"
"124","2553","44"
"202","3339","22"
"183","1235","77"
"166","3279","84"
"37","224","66"
"16","3951","86"
"184","3831","81"
"117","1459","32"
"218","1521","61"
"318","3917","14"
"209","849","77"
"197","4694","68"
"165","4393","2"
"203","3577","26"
"306","2108","17"
"197","1602","81"
"212","831","57"
"53","1654","19"
"182","1013","38"
"64","4925","50"
"295","2797","66"
"129","4217","18"
"247","1555","81"
"146","648","62"
"25","362","63"
"19","1892","30"
"133","796","38"
"259","2367","24"
"64","2556","51"
"201","2313","19"
"103","3906","13"
"313","4325","40"
"57","729","32"
"269","4911","50"
"194","2125","16"
"44","3272","18"
"183","749","24"
"117","3435","17"
"14","990","39"
"73","2543","41"
"36","825","41"
"183","3101","86"
"86","3648","22"
"198","2085","47"
"229","1522","76"
"92","4922","54"
"83","1688","89"
"172","3105","49"
"2","1200","3"
"150","4161","95"
"18","4432","13"
"123","137","97"
"107","4361","53"
"177","3848","70"
"111","30","32"
"301","498","24"
"121","51","58"
"173","551","100"
"318","2565","22"
"300","1146","95"
"260","611","95"
"310","3545","36"
"255","2920","89"
"314","1459","58"
"164","2864","2"
"242","895","88"
"219","583","5"
"32","1780","58"
"111","3273","51"
"38","1801","18"
"185","872","82"
"220","4963","43"
"215","995","39"
"210","980","82"
"110","4560","18"
"24","1026","39"
"92","2318","8"
"53","1889","54"
"278","545","55"
"282","3627","41"
"20","3667","15"
"53","2759","20"
"31","4055","44"
"258","4517","83"
"151","2225","49"
"278","970","90"
"321","3938","34"
"325","578","11"
"284","1602","82"
"326","3451","18"
"161","1967","95"
"302","4378","3"
"222","1960","34"
"40","4506","54"
"197","891","75"
"259","4170","95"
"255","1526","40"
"204","243","84"
"236","2405","34"
"263","927","25"
"271","3644","74"
"158","3200","83"
"192","3453","48"
"178","1720","54"
"48","4017","37"
"80","2349","72"
"276","3977","73"
"255","1228","77"
"319","2803","4"
"101","3564","69"
"299","4955","54"
"258","4379","6"
"156","3379","21"
"114","3130","11"
"83","3255","18"
"99","3986","57"
"31","1182","19"
"141","2732","22"
"306","2280","6"
"130","2164","92"
"311","2237","48"
"275","1531","56"
"117","1136","53"
"72","2073","47"
"31","3116","93"
"79","2949","73"
"53","4983","26"
"221","3938","51"
"79","2867","67"
"159","2788","54"
"319","864","96"
"239","3619","37"
"172","3907","24"
"295","3811","55"
"82","690","18"
"196","2300","33"
"326","2612","37"
"110","3003","86"
"125","373","4"
"0","3105","4"
"325","1198","37"
"310","1319","74"
"266","4687","13"
"1","1665","65"
"25","4103","5"
"114","2696","20"
"81","4105","33"
"259","3173","76"
"181","4762","14"
"207","3645","67"
"282","4635","8"
"188","1245","35"
"154","4710","6"
"81","1060","63"
"243","472","100"
"215","2013","94"
"261","864","31"
"314","1291","100"
"160","1677","59"
"178","503","18"
"60","2244","96"
"280","4901","39"
"298","4654","93"
"281","3754","5"
"181","1240","82"
"299","1937","89"
"330","4024","38"
"255","4969","44"
"248","1339","3"
"293","1325","2"
"316","4301","44"
"170","939","80"
"137","4006","94"
"331","997","60"
"38","45","90"
"267","1750","36"
"294","3756","49"
"293","2065","55"
"322","2459","38"
"247","1287","94"
"307","4590","20"
"268","3544","72"
"2","3713","84"
"11","1547","11"
"132","4112","63"
"230","4171","6"
"158","2575","69"
"232","413","94"
"275","3298","66"
"127","4767","77"
"253","3156","7"
"234","2687","47"
"116","339","29"
"231","3534","38"
"260","1187","4"
"51","2263","61"
"265","3828","59"
"133","2592","30"
"36","3520","99"
"57","3745","14"
"55","1019","97"
"93","383","73"
"270","2369","19"
"196","370","14"
"118","2681","24"
"163","1682","63"
"32","2591","92"
"313","1371","12"
"142","3638","56"
"115","2621","89"
"245","4123","71"
"204","4385","51"
"123","2607","94"
"271","1530","63"
"226","4662","39"
"262","3924","77"
"323","602","39"
"44","4105","33"
"251","517","99"
"252","4116","86"
"295","1379","53"
"328","2049","66"
"215","3257","16"
"276","3793","52"
"229","2424","24"
"315","3988","98"
"213","2351","32"
"66","3483","95"
"68","2454","20"
"239","1281","15"
"162","3332","56"
"287","4779","47"
"313","3473","40"
"332","4567","27"
"200","4457","48"
"191","2214","13"
"275","349","33"
"147","1158","58"
"291","710","65"
"219","3987","75"
"261","4609","56"
"41","242","9"
"183","3009","3"
"45","896","84"
"268","3576","16"
"167","4856","38"
"271","3719","89"
"6","159","11"
"14","56","85"
"263","2433","26"
"18","2469","94"
"271","4415","97"
"10","2409","8"
"34","2432","96"
"84","2114","51"
"317","1456","85"
"165","1437","56"
"274","3117","51"
"131","1442","87"
"286","2352","92"
"328","610","70"
"292","500","18"
"86","3020","51"
"76","3336","51"
"26","1595","50"
"12","758","97"
"94","3730","87"
"319","1674","94"
"233","1031","84"
"269","1953","71"
"90","4180","85"
"192","2705","39"
"322","3345","14"
"139","3543","92"
"24","3798","9"
"118","3159","74"
"319","3843","73"
"244","4676","68"
"183","3415","65"
"196","2134","60"
"262","4415","29"
"44","4420","88"
"44","176","96"
"215","3955","32"
"104","4639","49"
"265","743","56"
"152","365","94"
"6","532","17"
"195","721","67"
"93","2137","94"
"62","3493","68"
"287","3200","78"
"20","4029","78"
"11","4841","81"
"188","2965","16"
"187","2725","37"
"140","3627","47"
"26","467","25"
"204","3182","94"
"63","4419","23"
"15","4965","45"
"290","1425","3"
"45","2188","72"
"307","3017","6"
"220","3348","55"
"325","4219","67"
"179","4837","79"
"136","3544","98"
"331","3892","28"
"25","828","29"
"261","2127","10"
"271","1068","79"
"94","679","97"
"237","1042","32"
"221","611","25"
"238","928","21"
"285","2486","36"
"120","4312","1"
"164","4807","20"
"5","2886","76"
"128","938","88"
"300","3998","84"
"178","2631","53"
"296","2670","62"
"123","3348","68"
"230","1559","32"
"67","3736","4"
"269","2583","62"
"170","3176","76"
"244","2185","81"
"135","3558","5"
"118","1643","73"
"91","877","76"
"14","1014","94"
"239","1427","73"
"183","4483","43"
"43","821","56"
"105","3302","72"
"233","304","97"
"192","2783","29"
"66","619","81"
"249","2097","20"
"87","710","12"
"311","3419","90"
"117","908","59"
"174","4235","47"
"3","4381","35"
"114","4690","45"
"131","4825","92"
"79","1584","26"
"106","3873","20"
"93","25","56"
"303","2192","97"
"57","4186","98"
"252","2449","16"
"270","4398","52"
"204","1354","14"
"42","4756","94"
"160","3532","82"
"199","3581","62"
"311","3311","47"
"93","114","62"
"17","2470","24"
"51","1381","4"
"58","3745","32"
"224","2030","50"
"135","119","26"
"121","4823","44"
"55","1882","86"
"221","2894","54"
"212","4443","91"
"265","3360","52"
"220","4336","55"
"224","2410","16"
"304","1350","42"
"37","3570","91"
"240","4010","58"
"80","2667","20"
"145","623","31"
"268","1790","47"
"79","2674","20"
"203","3255","59"
"327","1483","20"
"314","152","42"
"152","4224","68"
"72","271","75"
"75","1765","80"
"90","3889","47"
"326","90","19"
"263","873","39"
"212","2595","98"
"223","1073","28"
"312","1159","28"
"50","714","64"
"135","3600","53"
"9","3381","71"
"144","564","2"
"52","4743","83"
"18","1063","17"
"117","2838","85"
"211","4621","19"
"84","1814","39"
"289","2525","61"
"154","4092","97"
"258","2588","80"
"107","3324","39"
"284","2431","19"
"163","930","95"
"59","4677","99"
"304","179","60"
"226","3877","76"
"146","4610","74"
"270","2426","88"
"21","4879","93"
"210","1918","41"
"228","3040","53"
"127","1449","12"
"96","1472","92"
"311","1399","75"
"45","771","12"
"157","4027","92"
"23","4179","4"
"193","2268","59"
"270","3854","13"
"66","4574","58"
"26","2141","89"
"125","843","67"
"176","210","42"
"276","3945","46"
"79","3936","90"
"289","4219","60"
"206","3285","72"
"89","3883","100"
"262","526","70"
"4","873","44"
"124","1773","12"
"217","403","96"
"168","627","48"
"26","2063","41"
"247","1064","78"
"321","2059","23"
"101","3687","55"
"226","779","93"
"110","2825","91"
"258","1253","77"
"247","2892","35"
"250","148","59"
"248","3396","15"
"63","1784","40"
"37","2221","16"
"272","694","83"
"256","506","41"
"165","802","29"
"256","298","36"
"160","1598","27"
"154","705","89"
"287","3768","47"
"88","3641","92"
"7","1496","8"
"158","2175","37"
"137","3531","30"
"113","3238","79"
"175","1785","94"
"49","4148","46"
"269","1394","48"
"93","41","28"
"332","1252","100"
"124","3743","32"
"154","2919","11"
"74","1852","84"
"203","744","55"
"286","59","76"
"184","4716","42"
"116","884","19"
"215","517","91"
"187","4429","8"
"221","2070","21"
"147","1244","26"
"17","4624","36"
"31","2176","63"
"30","1161","56"
"195","885","97"
"118","823","14"
"132","1556","14"
"101","2672","87"
"312","2653","93"
"99","2580","89"
"74","889","37"
"249","2712","46"
"1","2793","69"
"146","1543","7"
"175","3455","47"
"13","4504","72"
"149","842","58"
"229","2643","79"
"65","4632","15"
"39","444","24"
"111","1211","74"
"149","4410","62"
"126","3146","41"
"13","3882","41"
"326","3709","80"
"132","485","83"
"10","3801","31"
"101","2870","47"
"174","2687","29"
"116","1113","59"
"193","1408","60"
"296","2429","100"
"199","3207","19"
"330","4350","15"
"222","4300","98"
"278","2390","17"
"240","497","83"
"86","3554","85"
"215","1991","82"
"267","4725","80"
"114","1384","33"
"63","2496","81"
"257","3685","85"
"1","3795","92"
"99","1142","85"
"27","1951","96"
"143","1036","96"
"185","1474","1"
"222","627","85"
"183","220","64"
"162","20","19"
"138","3261","67"
"133","3259","17"
"23","2386","30"
"8","3740","15"
"230","3051","28"
"149","3814","2"
"259","235","83"
"303","2031","1"
"257","809","13"
"226","4367","34"
"184","1291","87"
"168","2674","48"
"283","2452","87"
"280","1324","86"
"318","314","99"
"264","4201","96"
"5","3001","84"
"122","768","59"
"174","287","49"
"89","4586","42"
"99","3213","22"
"189","420","7"
"128","367","24"
"21","4242","62"
"134","3116","71"
"154","3974","84"
"141","1842","94"
"196","4850","86"
"90","804","41"
"179","3067","66"
"290","4555","88"
"74","4894","47"
"162","527","12"
"315","2368","58"
"121","1937","83"
"130","71","7"
"174","4875","10"
"46","3701","43"
"11","2869","22"
"53","4364","14"
"211","4358","67"
"210","2317","69"
"130","4973","20"
"279","2803","50"
"159","3812","24"
"83","1519","96"
"262","4075","14"
"88","2179","24"
"221","613","57"
"282","3335","5"
"16","1457","51"
"184","3182","45"
"86","2143","89"
"147","458","99"
"180","1265","43"
"315","1920","36"
"25","4761","99"
"239","3686","10"
"183","4440","42"
"292","654","18"
"212","1446","7"
"228","3585","68"
"120","2381","42"
"280","4374","5"
"185","40","25"
"150","707","77"
"246","2065","33"
"230","956","16"
"166","3013","24"
"259","2663","80"
"85","960","78"
"229","1442","80"
"30","2476","88"
"212","1986","71"
"330","2098","79"
"157","4392","15"
"301","4436","29"
"311","3861","23"
"115","1349","5"
"260","4032","100"
"163","4576","20"
"308","3383","36"
"319","930","55"
"252","1916","75"
"109","2413","3"
"218","1584","37"
"173","3356","14"
"205","1351","99"
"287","4244","86"
"71","4993","48"
"127","3590","20"
"197","2239","97"
"192","1005","98"
"155","1801","53"
"123","336","19"
"3","42","30"
"202","126","69"
"158","4921","4"
"180","4814","61"
"98","3662","26"
"89","3565","6"
"137","2869","17"
"180","1539","98"
"29","2014","50"
"151","2954","3"
"106","3914","15"
"22","686","39"
"60","3612","71"
"32","2653","10"
"297","4998","35"
"146","1100","94"
"170","2665","21"
"116","3699","35"
"100","3444","94"
"35","2266","72"
"51","4831","48"
"13","308","7"
"322","726","71"
"32","3764","98"
"5","4837","84"
"144","3794","31"
"74","260","76"
"274","759","34"
"116","3353","2"
"2","2378","21"
"139","2656","42"
"32","4105","60"
"57","341","45"
"301","2693","41"
"297","4083","15"
"236","3632","36"
"130","987","59"
"188","4799","52"
"228","2137","16"
"275","1451","26"
"135","4725","72"
"125","4541","76"
"102","3898","67"
"327","3517","67"
"193","355","40"
"2","1579","94"
"238","13","2"
"0","1263","100"
"332","2038","35"
"192","4431","89"
"278","2464","22"
"100","4917","64"
"76","2643","6"
"185","4161","34"
"75","2248","28"
"86","1427","20"
"278","906","83"
"28","554","48"
"221","326","46"
"126","4832","17"
"218","4022","7"
"28","2230","16"
"274","326","92"
"148","2016","43"
"95","921","12"
"179","1362","53"
"137","800","3"
"49","4421","86"
"28","2136","64"
"43","2027","18"
"250","3925","94"
"180","1388","16"
"40","4767","63"
"32","1230","71"
"87","4275","30"
"318","2271","84"
"245","1487","45"
"2","3113","73"
"18","4601","32"
"134","791","88"
"79","116","83"
"278","2516","1"
"194","534","11"
"260","2349","95"
"327","2693","35"
"107","2513","28"
"13","1401","66"
"57","831","76"
"225","3290","92"
"286","1507","91"
"203","2495","72"
"48","2987","70"
"224","3532","43"
"214","4110","18"
"239","4978","15"
"96","4289","52"
"220","3822","64"
"300","2285","92"
"82","2742","38"
"218","2209","26"
"64","4803","24"
"284","4437","87"
"1","486","3"
"86","4169","23"
"54","82","36"
"117","2582","26"
"194","3153","47"
"214","3308","68"
"83","374","74"
"54","2386","46"
"2","3730","7"
"160","2350","85"
"62","1946","13"
"137","883","78"
"174","2283","9"
"262","2654","4"
"288","3666","46"
"328","1960","91"
"249","1464","90"
"212","2100","28"
"107","3313","47"
"181","3673","1"
"283","2428","22"
"54","2632","54"
"234","142","50"
"329","1811","78"
"242","2518","93"
"221","2715","44"
"12","4741","98"
"239","2625","47"
"31","4322","2"
"70","2536","7"
"37","4044","59"
"310","2540","23"
"207","867","32"
"90","4040","64"
"133","4239","84"
"164","4822","77"
"150","4037","76"
"21","4767","64"
"223","4688","65"
"187","2102","76"
"128","2517","1"
"150","2848","3"
"318","4424","62"
"213","4343","70"
"146","282","96"
"197","3771","82"
"264","1148","98"
"11","3821","100"
"65","4251","66"
"15","681","100"
"295","146","53"
"102","4326","15"
"247","1783","78"
"154","1867","8"
"106","508","88"
"115","3357","89"
"44","2640","1"
"251","4562","2"
"116","91","56"
"168","687","7"
"186","2089","18"
"177","1902","82"
"14","4043","83"
"77","3","69"
"177","4114","17"
"190","125","83"
"302","3467","57"
"41","911","63"
"286","4903","44"
"90","3229","75"
"264","995","63"
"148","4804","88"
"136","1556","70"
"203","2881","69"
"180","4264","15"
"51","3828","89"
"279","1800","20"
"228","2265","29"
"188","337","10"
"19","115","19"
"83","529","28"
"149","2016","21"
"5","127","28"
"251","3632","65"
"110","2108","11"
"10","1418","96"
"31","1987","48"
"4","2976","89"
"286","4426","92"
"45","2142","11"
"126","1809","39"
"159","1773","45"
"179","3791","43"
"97","1180","30"
"134","3168","66"
"234","4133","15"
"318","4234","93"
"118","3101","49"
"0","4941","87"
"196","4250","87"
"6","3086","89"
"150","3439","17"
"269","3663","76"
"230","2335","21"
"285","1018","74"
"253","4484","11"
"172","1165","36"
"199","4463","11"
"52","1816","7"
"88","3657","71"
"193","4116","87"
"260","4802","63"
"32","3722","17"
"170","2087","28"
"242","4248","50"
"204","4926","96"
"312","1110","18"
"194","4279","75"
"1","3861","25"
"325","2652","67"
"161","3841","68"
"74","4089","71"
"168","2243","48"
"85","3501","89"
"119","2712","36"
"155","4358","97"
"321","4464","9"
"150","1833","89"
"157","1106","88"
"270","4277","37"
"61","3068","19"
"112","4401","65"
"10","2323","93"
"294","4594","71"
"234","1651","4"
"160","2501","23"
"191","4728","60"
"315","3582","30"
"90","4060","61"
"330","1804","10"
"97","2353","25"
"77","4091","88"
"87","4989","53"
"26","3639","6"
"209","542","58"
"200","1747","22"
"34","293","76"
"129","2798","80"
"12","2807","100"
"295","2359","42"
"75","996","30"
"233","837","22"
"312","2735","52"
"93","4275","12"
"22","4376","53"
"123","3760","82"
"158","2834","58"
"327","50","52"
"271","1285","52"
"38","962","48"
"19","980","6"
"146","4772","67"
"309","3393","55"
"96","4103","15"
"28","2323","30"
"103","889","94"
"170","1440","77"
"309","4289","79"
"294","3057","78"
"281","3614","69"
"117","514","37"
"12","2331","50"
"315","645","99"
"323","4312","74"
"205","3075","68"
"163","434","83"
"185","4324","65"
"62","3942","23"
"107","2413","55"
"283","1940","88"
"177","4791","90"
"121","2509","12"
"166","1274","74"
"18","2349","34"
"248","1030","90"
"145","1235","27"
"250","1044","23"
"239","2915","54"
"239","3739","58"
"240","3027","30"
"304","3831","38"
"283","4907","72"
"316","3369","88"
"18","4136","82"
"130","3007","7"
"15","1042","12"
"249","1474","21"
"136","3245","14"
"38","4616","52"
"46","707","78"
"57","3230","61"
"49","3341","10"
"292","4427","55"
"257","795","2"
"293","3254","7"
"185","3154","93"
"280","1310","85"
"208","1385","84"
"147","3253","8"
"119","3344","35"
"20","1416","61"
"189","596","49"
"259","2823","46"
"305","1757","12"
"25","3273","8"
"111","4718","17"
"292","586","49"
"174","3359","36"
"96","1689","35"
"245","4962","14"
"316","333","27"
"161","2983","37"
"178","567","12"
"193","2670","76"
"9","1821","73"
"208","3726","90"
"235","1869","36"
"44","4137","62"
"148","4210","2"
"162","4927","59"
"153","3117","82"
"194","4494","79"
"227","3519","65"
"207","3820","86"
"35","3376","13"
"143","971","39"
"88","2252","68"
"295","4931","32"
"200","4078","2"
"8","4215","24"
"22","2404","9"
"293","32","69"
"252","2498","38"
"246","2517","28"
"138","3581","41"
"74","3388","35"
"295","1114","37"
"137","1248","76"
"215","1458","90"
"18","4300","69"
"150","2641","5"
"182","678","16"
"77","3132","56"
"143","2107","63"
"266","4621","17"
"19","4587","90"
"253","1198","74"
"259","3436","14"
"45","2056","9"
"280","4359","80"
"42","681","80"
"272","4583","86"
"208","4190","1"
"2","2622","69"
"298","3611","78"
"314","746","64"
"322","4178","89"
"236","640","69"
"48","2291","58"
"6","3401","96"
"178","2007","25"
"54","3176","16"
"326","1355","41"
"103","666","90"
"123","1568","20"
"234","1081","93"
"179","3414","64"
"61","1825","19"
"262","2931","99"
"86","936","40"
"169","2953","68"
"271","4195","34"
"28","361","43"
"330","4580","93"
"243","4639","72"
"21","1523","92"
"21","1492","50"
"205","4580","70"
"324","226","99"
"331","4397","58"
"151","1857","52"
"55","1979","43"
"256","3370","71"
"246","1831","70"
"24","1869","33"
"282","2470","61"
"117","4147","22"
"296","2672","76"
"318","4597","16"
"262","2206","3"
"133","482","85"
"137","1300","65"
"217","588","49"
"106","1887","87"
"212","4648","87"
"257","4048","17"
"237","2428","25"
"56","800","99"
"7","2048","2"
"328","4038","27"
"207","3423","82"
"76","1312","14"
"297","4565","77"
"12","1187","38"
"288","3047","75"
"172","903","30"
"175","1780","71"
"290","2091","37"
"113","1374","46"
"4","1827","34"
"225","2740","27"
"20","263","55"
"146","2236","74"
"138","2213","60"
"213","2390","86"
"119","4065","55"
"42","2252","88"
"203","4785","42"
"271","809","12"
"196","3884","15"
"79","4281","17"
"279","194","41"
"68","3138","43"
"294","4193","79"
"87","2071","58"
"14","3165","79"
"37","4459","38"
"323","4724","78"
"143","3867","83"
"15","4979","95"
"149","1098","68"
"103","1433","51"
"83","363","27"
"49","3192","99"
"297","3792","44"
"123","4195","4"
"55","3083","75"
"41","5","26"
"87","4962","77"
"250","2059","63"
"117","3253","19"
"242","1013","3"
"0","3556","57"
"22","76","8"
"214","488","21"
"15","50","14"
"114","1979","76"
"194","4933","8"
"3","1730","90"
"5","832","36"
"267","991","94"
"236","284","60"
"322","3202","74"
"165","4071","65"
"288","2110","85"
"171","4722","39"
"189","3673","52"
"291","642","50"
"214","1967","7"
"149","1559","39"
"240","1944","60"
"293","786","61"
"267","790","95"
"328","2983","71"
"321","2912","2"
"231","817","56"
"31","1834","89"
"5","1994","30"
"140","3874","49"
"139","1044","36"
"209","195","46"
"246","3286","33"
"49","3142","88"
"144","671","3"
"255","3426","65"
"13","3508","76"
"89","4499","14"
"299","4949","11"
"302","4659","86"
"239","4876","95"
"150","2718","47"
"249","3829","90"
"80","1278","85"
"180","4652","82"
"40","3313","31"
"282","4128","38"
"0","3679","21"
"238","242","89"
"33","946","21"
"12","2204","38"
"12","3723","89"
"259","330","45"
"68","1276","95"
"71","4076","78"
"317","2576","58"
"139","2785","72"
"50","597","80"
"59","637","16"
"179","2497","94"
"246","198","98"
"163","3461","71"
"165","1931","85"
"43","4844","31"
"40","571","15"
"134","2589","31"
"205","2010","69"
"166","2400","29"
"275","3472","70"
"60","2457","59"
"137","645","45"
"74","4071","16"
"171","264","42"
"3","4200","68"
"260","1573","32"
"253","2054","80"
"38","2923","77"
"11","1853","8"
"289","3255","23"
"229","4616","34"
"177","3879","67"
"67","1144","45"
"280","4182","31"
"112","524","50"
"8","3901","19"
"316","3851","79"
"69","1252","47"
"289","772","29"
"134","3542","28"
"5","4215","73"
"197","3527","79"
"45","4531","40"
"121","4770","54"
"153","2678","50"
"2","795","72"
"4","4629","49"
"261","1379","80"
"322","2634","47"
"104","1275","98"
"115","2990","66"
"260","2846","24"
"199","3904","52"
"103","2996","61"
"74","3351","77"
"332","3383","54"
"133","1228","65"
"49","2858","3"
"266","3969","23"
"93","4290","37"
"141","1847","5"
"68","4818","54"
"157","3432","80"
"65","135","90"
"91","918","73"
"183","4516","32"
"139","4281","31"
"32","4303","16"
"54","1838","7"
"245","4623","90"
"247","383","2"
"57","4979","35"
"317","2753","2"
"186","4790","48"
"180","4959","17"
"201","1801","52"
"288","292","20"
"171","1660","38"
"239","4950","65"
"37","162","31"
"51","4510","43"
"225","53","13"
"118","2613","70"
"274","188","99"
"183","2520","3"
"240","2276","98"
"230","1027","90"
"305","3764","32"
"263","1565","65"
"129","40","15"
"78","4457","56"
"266","2320","22"
"197","542","61"
"320","4436","30"
"267","4820","50"
"225","2525","77"
"245","1888","67"
"238","4386","66"
"239","1500","80"
"53","704","27"
"47","1628","13"
"182","432","29"
"114","1726","42"
"70","4847","36"
"40","4931","29"
"20","1601","65"
"31","4743","31"
"11","1084","100"
"278","2562","1"
"84","1474","7"
"232","3112","81"
"329","4676","82"
"210","1533","73"
"6","2627","58"
"149","2405","89"
"220","3897","27"
"237","1133","52"
"49","1655","4"
"221","4138","68"
"69","251","5"
"2","895","5"
"147","1922","38"
"60","239","33"
"228","2683","91"
"171","4484","60"
"327","4730","99"
"128","1668","33"
"225","4355","35"
"332","4714","14"
"170","1771","83"
"127","2377","34"
"57","792","66"
"230","1165","96"
"54","3066","9"
"211","4175","67"
"178","2288","85"
"323","2412","77"
"23","779","67"
"258","643","17"
"239","4123","65"
"327","2224","4"
"132","2061","25"
"192","1123","82"
"159","1541","34"
"68","837","35"
"264","1590","35"
"144","3228","76"
"96","291","51"
"1","606","2"
"101","4170","93"
"92","1279","79"
"323","3340","49"
"225","3073","91"
"29","384","41"
"71","2076","67"
"175","4157","10"
"272","3290","42"
"147","1194","98"
"216","3018","32"
"181","534","77"
"234","796","90"
"114","4241","84"
"284","2562","43"
"310","2643","16"
"30","3278","37"
"248","4137","25"
"12","3369","36"
"62","1971","89"
"41","3804","62"
"15","577","21"
"4","3918","68"
"185","2374","92"
"220","1240","22"
"79","1163","10"
"237","4580","58"
"75","1341","16"
"81","781","83"
"144","3984","61"
"205","2689","55"
"60","2983","16"
"31","3870","68"
"185","3951","2"
"281","1850","56"
"165","1685","4"
"306","2452","48"
"279","4834","15"
"173","3223","6"
"109","2646","72"
"54","1069","71"
"206","4850","79"
"82","1265","65"
"10","2111","17"
"192","1519","34"
"245","248","39"
"35","615","23"
"43","1742","1"
"22","3267","64"
"168","681","59"
"244","4693","36"
"241","2276","48"
"282","2330","20"
"180","4679","99"
"100","4863","90"
"135","572","11"
"129","346","10"
"165","3667","67"
"306","4966","50"
"278","2581","96"
"110","4127","29"
"62","4513","92"
"240","1571","65"
"208","1001","49"
"309","211","29"
"315","664","78"
"212","3219","90"
"141","1359","68"
"133","1469","13"
"313","576","42"
"96","3820","94"
"309","3444","49"
"140","2325","51"
"233","886","15"
"87","22","31"
"160","4664","62"
"200","4906","59"
"41","288","31"
"181","3884","54"
"294","1697","55"
"177","990","57"
"194","659","45"
"329","3085","45"
"185","3538","61"
"31","1718","54"
"140","2784","11"
"48","1876","10"
"8","4083","30"
"165","762","58"
"306","2175","6"
"60","3494","4"
"93","3343","41"
"52","4990","98"
"37","807","19"
"130","1590","38"
"201","331","15"
"214","3949","26"
"146","4443","94"
"123","2474","2"
"156","2180","93"
"316","4135","76"
"18","500","9"
"72","4477","99"
"186","3830","34"
"268","4030","39"
"56","2488","1"
"92","1119","56"
"171","1257","14"
"131","4966","95"
"139","1501","48"
"142","2567","47"
"126","4580","28"
"328","3278","62"
"243","1792","99"
"270","2205","32"
"106","2205","2"
"236","4346","93"
"310","1711","40"
"130","3093","49"
"332","1973","65"
"166","4301","34"
"216","4890","62"
"9","3475","81"
"280","1618","65"
"236","3858","62"
"197","2976","56"
"142","689","23"
"285","2194","82"
"111","1093","42"
"309","2439","90"
"71","1489","61"
"31","2512","34"
"169","1604","29"
"261","3766","22"
"123","943","87"
"21","4954","58"
"103","4781","90"
"129","2606","5"
"85","2430","31"
"329","1129","64"
"116","3610","35"
"236","4713","100"
"32","997","99"
"101","3566","35"
"194","1811","57"
"149","4633","38"
"40","1141","4"
"116","146","18"
"108","4073","87"
"82","3302","72"
"249","4500","48"
"106","3809","74"
"65","468","39"
"19","788","76"
"302","3870","22"
"158","4352","60"
"6","1670","11"
"36","1811","25"
"258","51","51"
"109","1495","65"
"235","1130","96"
"300","3283","48"
"11","2434","50"
"65","2194","26"
"49","3122","84"
"165","6","47"
"34","3894","82"
"132","2038","52"
"187","3196","100"
"125","4121","18"
"146","295","29"
"238","590","38"
"257","952","4"
"303","3782","2"
"96","3793","43"
"36","2574","33"
"21","1895","62"
"307","585","89"
"190","3129","11"
"197","67","41"
"108","320","41"
"110","1456","9"
"6","1449","19"
"92","4470","59"
"7","4961","15"
"194","3045","77"
"110","3249","63"
"81","1887","40"
"241","4228","61"
"76","1190","22"
"214","3790","9"
"162","3761","21"
"118","4046","6"
"119","2785","27"
"65","4756","73"
"66","4958","8"
"33","3123","44"
"157","1258","63"
"0","3737","92"
"62","2796","52"
"206","2262","15"
"166","3548","68"
"148","1249","92"
"17","2451","41"
"65","4706","52"
"120","754","30"
"287","4964","48"
"88","3468","3"
"29","2441","74"
"127","713","8"
